report_date,open_interest,lev_money_positions_long,lev_money_positions_short,lev_money_positions_spread,asset_mgr_positions_long,asset_mgr_positions_short,asset_mgr_positions_spread,dealer_positions_long_all,dealer_positions_short_all,dealer_positions_spread_all,nonrept_positions_long_all,nonrept_positions_short_all
2026-06-23,952683,75331,142835,120931,488241,204613,45585,54429,307395,53731,87679,59200
2026-06-16,1023165,72158,112530,91859,486510,190008,40996,36820,331094,48576,218516,190177
2026-06-09,1015246,72994,122284,124130,489263,181199,39868,69240,364032,94938,94784,69492
2026-06-02,980409,83640,105960,124752,481419,167034,41583,50706,375517,78289,90901,68936
2026-05-26,962447,87284,113595,118432,465802,167674,50718,50744,368492,66462,94603,57252
2026-05-19,971639,94819,115709,119771,466803,168031,49745,53972,373659,67087,90881,56704
2026-05-12,951652,95445,103596,102714,472278,157702,48775,51190,403700,61429,92416,52219
2026-05-05,962305,88264,109275,112414,467920,158956,47900,55607,390431,70376,92967,50104
2026-04-28,943974,89494,107787,111151,463654,149861,48588,52768,394625,60318,91271,50295
2026-04-21,931191,93227,101579,105119,462319,153288,47027,50520,400143,54297,91973,48029
2026-04-14,922032,99092,99164,105078,455003,165567,44136,48771,380810,53622,89928,51858
2026-04-07,899902,79171,110948,104907,449498,175665,39428,58466,343350,54146,89774,48502
2026-03-31,929014,77346,116044,123774,448285,165822,42969,58403,340943,65570,88431,51562
2026-03-24,917423,69634,125673,121318,466024,157723,40522,47835,340795,57911,90210,52422
2026-03-17,909276,77593,127137,110803,473863,156787,42313,37673,346195,52819,91136,53446
2026-03-10,1118597,74946,113696,154811,536610,143264,39382,69177,470670,119970,99022,58099
2026-03-03,1084135,93228,115220,145407,546948,146242,40131,66974,500900,69906,97979,49065
2026-02-24,1052660,92535,92939,110699,559296,138907,38549,56616,546289,65527,98907,42927
2026-02-17,1041235,99239,89244,100910,572864,135917,38474,54942,572326,39596,102126,46891
2026-02-10,1051803,104522,87214,109752,570952,136618,38241,55185,579784,38596,100693,43056
2026-02-03,1045128,100083,85548,116552,559302,136011,39412,56546,565371,40854,99832,42210
2026-01-27,1065958,91290,89939,130653,567086,147153,39611,55883,541560,46523,100534,49598
2026-01-20,987024,86199,99508,87552,558775,153179,35748,58374,501516,36479,97772,52897
2026-01-13,979292,87921,88244,75314,574064,151588,36066,53467,531660,30497,95605,47342
2026-01-06,980438,101497,79218,75085,569722,145298,34601,46096,555172,28414,97746,43854
2025-12-30,969172,103402,78897,75556,562832,146349,35109,40406,545566,27416,96741,41400
2025-12-23,969479,103643,74545,76783,562336,146983,35277,39830,543070,28737,96609,45818
2025-12-16,1080293,101528,75448,69763,543265,143552,34792,35891,521116,24462,245964,193003
2025-12-09,1021944,86158,67895,109178,539812,144394,34306,74337,547336,51256,101972,50664
2025-12-02,956551,78897,76034,95999,529138,147162,34761,68678,507456,28903,96449,48815
2025-11-25,931862,78234,80482,88245,520784,150303,35479,70636,485151,22393,94872,51761
2025-11-18,931203,77508,79958,85026,524810,145473,36315,74402,495553,18307,94176,52808
2025-11-10,933233,71314,90540,86630,530425,150062,35403,72868,473653,19142,96544,58806
2025-11-04,965596,80610,112175,96325,528541,147219,40379,77159,464148,27813,93125,56860
2025-10-28,945522,85575,94507,89431,527146,134811,31586,72856,508455,16965,97447,51539
2025-10-21,936916,78617,87012,90248,529199,128818,31072,70958,514366,14736,97264,51154
2025-10-14,941656,81563,87017,87039,526272,127623,34874,73522,514023,15354,98205,55528
2025-10-07,955091,92323,91789,80962,540713,126503,29732,69898,544468,13095,101034,50028
2025-09-30,961240,85986,86188,90391,536671,124491,30266,71891,540445,17892,100095,49354
2025-09-23,972330,89276,90011,91690,542551,122767,31668,74707,550815,13421,100692,48282
2025-09-16,973001,94548,86353,91925,536153,122961,33220,75334,547785,16372,100329,50220
2025-09-09,983530,83681,74844,122387,532206,123442,31458,51087,520866,34388,105713,50634
2025-09-02,973606,82081,80264,123742,531312,126197,30706,50655,510169,26267,104543,51428
2025-08-26,966629,82552,73964,116546,531939,128880,31609,51199,514369,25932,102050,50571
2025-08-19,944984,85362,75651,106288,527394,129497,31610,55481,509281,15130,100168,52079
2025-08-12,942355,84264,69849,103274,523990,132174,28350,53689,512477,15406,102080,50400
2025-08-05,959190,84176,74462,125749,504394,132929,30249,53303,493913,21934,98346,50147
2025-07-29,970000,84336,79612,130731,507098,124227,27097,52233,504869,22819,104584,50899
2025-07-22,980711,84517,77366,123233,523267,123513,29428,48515,529722,20777,102149,49042
2025-07-15,945300,86738,71477,113510,501788,117528,28788,46258,522593,18829,102956,45993
2025-07-08,933951,79415,77572,114694,490021,115216,30475,43787,499098,23162,104940,47604
2025-07-01,945276,82658,77626,128402,483559,116816,33018,41683,488548,25729,102011,48407
2025-06-24,911642,80563,69029,115834,481779,121091,28756,37818,480555,22511,100033,46323
2025-06-17,893105,75117,77119,105539,480995,123786,28120,35129,469007,21745,102621,42432
2025-06-10,938693,65004,77539,128928,466231,121318,30182,40280,450290,57348,106726,47152
2025-06-03,948636,61612,76967,142344,469561,124681,34008,49810,453257,41820,106872,49077
2025-05-27,925119,62050,78089,136124,467201,127714,32239,50905,437976,36435,101197,46802
2025-05-20,916849,66207,79311,133983,460838,125651,31197,48547,432567,34904,99768,45434
2025-05-13,898004,64533,69847,132916,456848,120980,29323,35629,427506,38013,100135,48917
2025-05-06,916543,61614,69082,153942,446614,119738,36164,34379,425728,38563,103410,46113
2025-04-29,902895,67585,65026,144076,441739,119502,33505,34834,419504,39495,103356,46576
2025-04-22,894547,71856,69245,132733,439441,122454,30971,35457,413913,40662,102930,50259
2025-04-15,872209,66956,61317,126449,438542,128375,28923,33807,402671,39528,98213,50363
2025-04-08,833421,65296,52604,113854,434357,128742,27478,32214,374676,38654,85624,54942
2025-04-01,809899,70822,58925,113476,402108,126553,36059,24482,341909,39145,85175,53226
2025-03-25,807610,71829,63634,105307,409282,124942,37710,22343,356207,36151,86039,51276
2025-03-18,802042,68868,73080,113502,398344,121106,38881,21888,338017,32643,87685,55289
2025-03-11,885469,69753,99336,127355,398442,135683,53312,31341,297274,61469,105821,71385
2025-03-04,841234,70619,108866,122844,393860,154045,51520,22461,254975,54679,88652,59114
2025-02-25,790547,64006,101343,107955,381335,164482,47581,19768,227366,49479,83195,55794
2025-02-18,764845,59518,102756,107225,371002,173008,39455,20476,197490,48687,80424,53771
2025-02-11,741263,58233,114326,99059,362977,176917,38499,16597,170527,48988,80190,54840
2025-02-04,749873,57532,111427,113154,359026,174809,38086,16094,166173,51407,78548,55913
2025-01-28,728978,57410,109666,98939,363085,172159,36834,16109,181605,39205,80193,54879
2025-01-21,710455,63493,111373,82436,349302,178713,37063,24081,165738,37168,78991,60981
2025-01-14,696457,57401,111935,79984,342352,174315,36245,34963,161726,32909,77215,64204
2025-01-07,686524,59897,115128,70152,343382,181908,35646,31142,156413,29570,80648,61151
2024-12-31,735274,62407,123319,102248,350315,181526,40362,31776,162202,34939,78204,58042
2024-12-24,718867,55455,117596,97075,353172,175197,38561,31704,163992,32007,75151,60466
2024-12-17,696365,58211,119982,85793,358177,169338,36966,22252,171223,26910,75902,57461
2024-12-10,839242,56285,125559,93496,356396,167761,40374,84648,226968,76135,93003,71455
2024-12-03,813760,58532,123374,105526,356660,178505,45752,86583,231849,37503,84059,58832
2024-11-26,807589,60133,116405,106640,364959,168639,49240,71916,239516,31257,86182,59744
2024-11-19,777380,57516,119263,90746,365850,159317,47040,68843,242149,26912,82604,59260
2024-11-12,746601,58477,108862,90520,379375,141415,42099,31182,258362,24858,84367,57038
2024-11-05,753750,55912,105082,95712,383545,140445,39788,36002,257668,28312,79855,58413
2024-10-29,771366,53509,109364,91734,388425,171256,39499,58167,245101,29244,78615,58366
2024-10-22,757721,54467,88875,86335,392731,172819,39779,40000,264635,27311,85436,54924
2024-10-15,752810,57050,69607,80292,403226,153729,37251,38293,315116,19730,86328,52914
2024-10-08,757850,65361,66941,73609,426830,137662,35366,16752,350829,19842,87916,51000
2024-10-01,789795,67052,74183,81020,444785,127343,35863,13688,374754,23249,92126,52331
2024-09-24,791908,69359,69452,78683,451014,125915,32636,16108,392738,21407,90750,49345
2024-09-17,788472,71201,69838,74696,450051,121871,31349,14265,403120,23895,90098,45233
2024-09-10,847516,67423,67832,90289,458149,118220,36002,14501,410286,50617,96255,52584
2024-09-03,866369,85236,68732,98995,461363,115243,38200,14258,434229,45859,89617,47055
2024-08-27,866780,92795,75475,101805,463420,121042,36565,14541,430008,32165,92616,50806
2024-08-20,823997,74138,76170,95018,454926,131416,35382,13080,379834,32304,86796,54114
2024-08-13,783609,62593,93023,86816,448058,148376,31650,10449,319807,32641,81019,54254
2024-08-06,798694,63112,88892,92099,454000,155740,35243,10744,319544,36124,77736,53439
2024-07-30,776791,57731,93838,86018,446736,160064,34319,13196,297405,33723,75772,52309
2024-07-23,784894,67907,79889,87417,447010,151719,34897,10354,326227,33304,75762,51943
2024-07-16,765304,75364,81193,86993,422536,153224,35720,9692,305059,29790,77230,53126
2024-07-09,743959,58862,83764,82658,415254,160358,33558,10099,278276,32866,78304,54602
2024-07-02,757293,57249,89252,90903,414680,169343,35420,9063,261460,38026,76228,53591
2024-06-25,781218,60418,95849,100820,419207,153493,37242,14572,281174,38647,74890,56089
2024-06-18,780088,59140,90323,102453,422700,148101,35745,13213,293683,37389,75412,55012
2024-06-11,815200,59167,80475,85132,431181,134173,34819,20700,340347,54809,97099,67778
2024-06-04,779063,64164,60775,88878,428858,125957,36625,16669,368031,27866,82535,51933
2024-05-28,766385,57591,63674,87630,427700,136625,36395,17670,343980,23978,82525,55503
2024-05-21,750132,58734,73960,78385,421735,138510,36195,16715,324787,24379,80953,53125
2024-05-14,752332,62119,83566,73740,418616,158736,34465,28404,300167,23274,79200,58501
2024-05-07,743296,56389,88789,68020,413053,164504,35280,38391,285133,22239,77903,60250
2024-04-30,745464,58260,98424,63723,408832,164878,37280,46829,280374,22868,75873,58696
2024-04-23,753918,52686,104990,62931,409148,163585,37381,60606,284887,21195,75671,60598
2024-04-16,750689,60799,116726,58340,416058,145922,38093,42326,288603,23314,77536,61043
2024-04-09,725463,56856,93297,56692,421711,136328,33790,25219,306620,20938,77663,58571
2024-04-02,780231,72406,111113,67514,424003,153486,37447,37874,300340,30590,76250,59866
2024-03-26,747280,59429,98656,66808,422357,126135,35639,19672,316634,28217,78842,56031
2024-03-19,740117,62884,95805,62540,422151,114293,35942,19868,338034,24840,78154,52197
2024-03-12,797868,60493,81787,81176,437476,107695,41969,22098,379579,31498,86748,56247
2024-03-05,796532,68049,84381,75509,440753,124622,37433,25423,378582,27491,84237,53648
2024-02-27,805768,67358,85908,74971,460159,135025,33876,22505,378364,26200,83123,55715
2024-02-20,807166,68227,82712,68035,462282,142041,34597,33207,382044,24238,80756,59054
2024-02-13,826601,66607,102172,68769,484247,135052,34961,29704,383395,27437,79611,59643
2024-02-06,835474,60086,95943,81109,484734,127919,36595,25742,393370,29659,80741,55395
2024-01-30,818717,62669,75215,73602,487166,110516,34791,21304,432423,23669,81297,53852
2024-01-23,804703,58606,77465,63385,493756,97223,32098,19159,443965,22053,82981,53402
2024-01-16,809764,64513,74005,60295,496812,96496,31436,19060,460451,21303,84071,51479
2024-01-09,787261,66581,69754,57799,478265,94758,28784,19661,456974,18410,85146,46901
2024-01-02,810765,71351,81473,70362,475093,91734,31498,17789,448116,24777,86255,47701
2023-12-26,795049,55667,78311,73331,475515,95116,31309,18666,430482,22004,84775,50974
2023-12-19,786857,52671,78499,68162,476621,97009,29588,18257,424754,22239,83700,52551
2023-12-12,870985,64697,74789,73522,479915,98849,34859,21035,451365,52670,102703,67444
2023-12-05,878992,57599,68004,112905,495894,93286,26934,19547,474182,37372,89212,52021
2023-11-28,841098,63258,64752,97386,481825,95127,28236,19957,461810,27201,85559,52952
2023-11-21,822548,59437,67406,91942,471245,100358,27244,19114,443027,29344,86368,50003
2023-11-14,810584,61682,72314,88487,462616,115097,24486,19494,412492,29183,86389,54359
2023-11-07,794612,58107,75845,77228,465094,119557,22046,19706,398361,30506,84985,56520
2023-10-31,795190,56358,78812,76952,464545,122182,23469,18694,386989,34813,82165,57644
2023-10-24,801549,59950,76067,76047,467367,123647,24834,18349,393286,33695,83564,60068
2023-10-17,794547,57899,77096,73549,466874,130905,24359,19300,380201,33374,81098,61039
2023-10-10,778278,53787,74439,71123,462432,126458,23483,17380,378557,27238,85686,62478
2023-10-03,827051,57646,79382,98249,461869,128691,29218,16043,375992,39964,86742,60104
2023-09-26,815841,55448,79394,90733,465631,120625,27224,16969,388019,35386,86128,59319
2023-09-19,801072,49305,72611,84498,472100,113424,24485,18277,404966,28575,85516,57975
2023-09-12,846117,57844,65644,91103,470704,107265,24767,25472,440531,43309,95832,58750
2023-09-05,880232,66271,72692,107954,486963,102062,28458,29235,470196,31301,93504,53368
2023-08-29,856741,66525,63901,96862,487124,96520,26218,26668,482707,27090,90841,49311
2023-08-22,858104,74125,67120,90143,490576,83933,25965,28079,504148,23238,90607,48654
2023-08-15,863944,61482,59795,88585,517111,80018,24187,22539,529117,20239,93921,48484
2023-08-08,860124,59103,65022,83226,520644,79630,24465,24320,527774,16731,94917,48993
2023-08-01,866417,65728,55264,89665,513574,79699,26963,19448,534822,18303,96547,47179
2023-07-25,883124,74986,56140,91955,513252,76934,28949,18399,550966,19429,100223,42815
2023-07-18,910121,82884,64760,96470,527913,77657,27124,18686,558811,21703,99742,49919
2023-07-11,836442,61560,64069,78763,505816,78594,23112,18090,516247,14930,98172,45751
2023-07-03,838195,61488,56680,84629,504344,79445,23816,17819,516600,15317,93626,46504
2023-06-27,843256,63311,58688,86537,500155,79648,23603,19448,517164,16048,95953,47777
2023-06-20,842090,59028,61880,84916,501913,82868,24205,20804,513765,14979,95048,46912
2023-06-13,917698,62641,55214,88917,497425,79169,24342,20494,516934,76095,106701,60875
2023-06-06,905248,60786,60813,113271,521643,83080,25860,23010,533471,20362,99645,52587
2023-05-30,892114,57631,58615,103297,529089,78643,25356,21222,545615,17354,97107,47401
2023-05-23,892595,59348,63703,97297,536624,76762,24728,20753,554108,18171,94996,43486
2023-05-16,896361,59602,56567,92911,544864,78439,24094,22101,567449,18156,96039,43984
2023-05-09,909445,68097,68857,91936,543790,76477,26020,24701,568687,19436,99309,43997
2023-05-02,906575,64536,57959,100096,534808,76172,28538,25307,561916,20011,96960,47732
2023-04-25,899364,63282,59834,91084,535457,74655,29102,25093,567113,19794,98094,42262
2023-04-18,887346,59792,61339,88127,527927,73704,28405,25349,554650,20965,93551,44029
2023-04-11,871865,62562,66862,80924,518007,74646,27560,24684,541012,19904,91808,42887
2023-04-04,884761,62991,60784,98196,505325,74591,32356,23690,534252,22433,95381,43513
2023-03-28,858764,55460,56121,89116,505227,80520,29989,26161,521326,19968,88533,42053
2023-03-21,862872,59133,50671,84701,510074,82545,29269,21349,530066,18699,90237,43712
2023-03-14,851642,61236,56759,69093,514014,84538,29815,20835,526760,17078,90373,43986
2023-03-07,911721,69701,62100,73801,514520,80477,26135,48090,569503,29010,99635,45599
2023-02-28,927384,71907,59506,94477,524519,80348,28222,44152,574298,22920,96127,46224
2023-02-21,907115,68197,55575,88115,519840,75541,28672,44046,571952,20107,94926,45583
2023-02-14,912944,71090,58441,85254,523869,72822,29590,41113,575373,22541,95419,48383
2023-02-07,904296,67290,57108,84132,525570,78631,26054,39034,568397,24708,93488,46809
2023-01-31,923156,79382,75420,85499,517832,75675,30287,39490,567479,26077,98835,45661
2023-01-24,904466,73837,83656,83653,507138,74934,30523,38897,544097,25026,100058,47676
2023-01-17,867476,69978,84720,72121,490152,76830,27971,41033,521644,22646,97170,45541
2023-01-10,854218,84510,90624,68534,469060,77733,27004,44481,507504,19641,93370,46693
2023-01-03,823286,70798,78921,74924,461260,82279,26023,44094,485667,14256,87624,43771
2022-12-27,840548,84412,95039,71107,481043,86225,27179,32469,484737,13350,85790,45772
2022-12-20,838086,80192,97420,71265,480324,90313,26908,33344,476164,13721,86982,44130
2022-12-13,882260,74629,80723,92923,473236,96323,28720,39194,468775,29409,96004,63999
2022-12-06,841667,67605,82858,94673,449188,99925,29025,39778,434668,22973,90061,54226
2022-11-29,809088,68955,82566,88488,439160,98592,25108,31928,418637,19252,86878,53787
2022-11-22,789443,70666,78233,83304,429575,102109,24015,28955,412354,14823,87033,52244
2022-11-15,798185,69203,84496,84249,427550,109119,24853,31497,400627,18989,90740,52240
2022-11-08,770108,71625,81510,74695,419370,124407,25529,26948,366909,19477,81718,57690
2022-11-01,778406,78217,90568,78627,417954,131730,25310,26958,354936,19266,81120,58661
2022-10-25,767894,73625,93403,75715,414179,147760,26720,27167,321052,21601,80041,62147
2022-10-18,717072,61591,83975,62277,397569,161377,23527,28804,293999,13986,80585,58672
2022-10-11,718643,59365,93147,62018,396045,168899,25573,31614,275618,15581,81005,59442
2022-10-04,737733,61641,91543,78229,396661,161300,28186,29719,277491,15999,78437,66418
2022-09-27,749001,65553,110848,72997,397335,160976,30630,27009,274103,18840,83634,60784
2022-09-20,726721,67092,107952,55380,408857,162965,26686,27400,282465,10203,79597,61584
2022-09-13,797971,68102,104138,64939,405224,168088,28558,47262,302890,38071,92329,70235
2022-09-06,807381,64953,102807,76837,404082,196053,30423,64859,283680,24103,88064,72339
2022-08-30,796262,68720,107243,71509,397508,199613,29562,69146,278798,21680,85047,67362
2022-08-23,799141,74627,109205,66322,401490,193412,30555,64882,287452,22894,86119,68118
2022-08-16,764836,63529,97783,61365,400397,178114,29787,57192,297868,18300,82317,62153
2022-08-09,752202,65671,92211,57335,397050,170455,29942,52676,303312,16584,81574,63004
2022-08-02,760557,61620,95323,67408,398161,161674,31377,48639,301757,18712,85693,64363
2022-07-26,774144,66243,109808,70999,390346,164333,31494,58753,293903,19372,86331,65602
2022-07-19,771127,62319,98811,66361,385724,170481,36911,64120,297041,18044,85715,62159
2022-07-12,758650,66720,92604,63806,392039,166392,31267,45942,290692,21383,86710,69318
2022-07-05,754360,63408,97523,66981,402816,153639,31933,34662,299099,19773,85639,61894
2022-06-28,729664,60868,79550,54000,400123,152465,29513,40152,326550,11018,86320,56705
2022-06-21,730456,63487,82347,53964,395672,164090,30497,39281,314985,10431,87668,54576
2022-06-14,728105,57199,86819,51082,404129,166211,30650,35236,307137,13001,88103,53986
2022-06-07,779660,70002,80387,73782,416932,156594,31605,27974,340370,18476,93563,56452
2022-05-31,778464,72646,83125,70317,416251,160734,31743,29029,336481,18942,90333,57769
2022-05-24,782891,71808,90242,67245,411256,167825,36761,32800,321731,22007,91351,58014
2022-05-17,777256,73195,97600,69028,405808,176008,33552,37345,305541,19541,88196,57837
2022-05-10,775338,70442,97163,67464,407867,184764,32158,41098,292881,19041,87752,61961
2022-05-03,787894,67047,95878,77566,392755,187609,35299,51748,285054,23548,91870,62303
2022-04-26,770417,70888,90281,69977,403607,183080,33687,38749,287515,22419,85668,62536
2022-04-19,743819,68570,78443,60234,400676,178245,35518,37109,288833,19093,79584,62306
2022-04-12,742758,72737,72498,61542,394868,174313,36370,38352,298690,18592,82528,60886
2022-04-05,738415,68225,78187,66358,395588,162698,34560,32274,300299,17585,81283,59255
2022-03-29,724176,69186,77342,60885,389691,148204,34428,32705,314596,13836,82913,57284
2022-03-22,721229,69321,84623,57913,388831,151758,34045,36268,303660,14332,78254,56493
2022-03-15,731727,61582,88730,60274,400601,158265,33694,40339,301641,16808,77605,54688
2022-03-08,805684,86992,93072,66706,404076,157464,35777,45370,341258,30621,88529,64013
2022-03-01,798963,65159,83854,64267,418836,133492,36236,46579,387815,18407,87498,57821
2022-02-22,755652,49435,82583,48306,417582,118231,32821,40989,387290,16785,92328,53439
2022-02-15,760550,52590,95910,44485,424720,125068,30998,41866,377604,15394,92053,54463
2022-02-08,753221,57997,100427,43497,415028,130092,29494,42117,356533,17307,90612,56178
2022-02-01,741723,52623,103278,49359,402393,147547,32664,42844,320015,15351,86626,58988
2022-01-25,732926,55536,105953,42280,408247,141276,30950,43842,324868,14057,81436,57643
2022-01-18,741576,56210,104787,40727,413333,154891,33040,44518,320961,14344,82415,56955
2022-01-11,723727,53695,105097,36072,405805,167219,34886,41324,296700,14114,81856,55017
2022-01-04,726109,48698,102261,41401,405283,172369,34030,41351,290916,15586,83025,55590
2021-12-28,719368,51509,106900,44580,410290,167389,33593,34451,284657,13890,78725,54227
2021-12-21,719318,49406,106992,47038,409050,169186,32287,33294,277535,15621,81241,55980
2021-12-14,713310,44867,104007,49129,404492,166263,33111,33017,275456,14929,82913,54462
2021-12-07,768267,49954,103741,49761,395951,160080,35574,50369,296458,46103,88672,60481
2021-11-30,780504,55300,112501,57507,393150,173181,40990,57289,292941,27289,96439,62161
2021-11-23,790236,60558,112882,56122,398724,176994,40621,61199,297122,25752,94791,61646
2021-11-16,781018,60191,102200,52865,398591,167940,39591,59386,316675,23719,94598,64105
2021-11-09,722290,53623,90332,34333,395270,156230,35616,49445,318046,15351,86326,58403
2021-11-02,732649,56273,97439,36577,395859,156598,34588,55166,318151,16824,87118,58235
2021-10-26,729402,55689,107674,33835,398520,152113,32105,53295,311226,16846,89062,61948
2021-10-19,727421,49581,102862,35298,409571,150706,30942,46006,318376,14990,89894,60509
2021-10-12,747144,59566,120281,36337,406119,145665,31283,55124,319583,15338,90989,64336
2021-10-05,755988,51183,120379,45516,420100,141675,31348,44640,324722,17222,93288,62456
2021-09-28,720568,50938,98408,36012,416227,137956,30915,28571,329052,15488,89562,59948
2021-09-21,710412,46735,80055,32865,427268,133806,29859,20916,351382,14311,88275,55591
2021-09-14,692667,46070,74697,28024,412811,121202,30641,21618,361163,11633,92682,53931
2021-09-07,734943,49549,82311,29639,409562,123256,31504,39766,375449,28031,100477,53325
2021-08-31,752386,53963,94909,39960,407330,133005,33150,51021,361988,21826,97529,55989
2021-08-24,750650,59025,83773,39109,402703,133253,33948,52108,364492,22672,94404,61320
2021-08-17,747603,56144,92034,35445,405173,125809,32977,51272,369948,18757,72394,57846
2021-08-10,755292,56132,96950,35170,413012,122043,30068,55157,375413,19504,94693,59524
2021-08-03,732213,50271,89097,36405,402716,110148,31146,47055,379175,18386,95492,54241
2021-07-27,737069,53372,83866,39587,404043,114075,32023,46868,382239,17180,96155,55281
2021-07-20,744288,56337,83843,38625,415249,109402,30337,45534,393628,18496,92648,57888
2021-07-13,753820,62161,80380,39736,430138,96696,29988,27483,420659,19107,95811,55008
2021-07-06,772128,51155,70826,47102,451419,90294,32157,23782,446621,19905,99677,51847
2021-06-29,759123,49870,64888,39025,454437,84085,30237,21244,460038,18300,101140,52077
2021-06-22,751104,51931,67211,37928,453210,83208,28564,19814,461824,16606,100071,47284
2021-06-15,734285,49527,54164,23929,459877,69150,24647,16829,504056,11167,102745,38401
2021-06-08,778123,63909,73919,25773,457204,67382,25151,24816,519508,17567,116757,40709
2021-06-01,789666,68407,70822,34043,458325,68935,29660,26891,524474,12063,115430,40933
2021-05-25,790140,70278,74494,36642,450696,68592,31313,26958,518168,12420,115680,39266
2021-05-18,775333,69332,75487,31579,446142,67765,30425,26445,507401,12688,113682,40341
2021-05-11,738999,68481,72391,29471,413035,68982,33295,28395,475751,10902,110197,38566
2021-05-04,723759,58892,68761,30382,404235,67875,32852,39250,460063,10472,101086,43260
2021-04-27,719141,60347,65460,30924,400997,68062,33161,38391,456072,11205,100374,45472
2021-04-20,709305,56769,65690,31615,398475,64270,33105,37569,447904,11541,95430,47029
2021-04-13,688609,51325,69001,28515,397324,72906,31027,37497,421431,8895,91918,49258
2021-04-06,695393,46551,68267,37445,392837,76201,33343,38028,410752,11559,93297,50824
2021-03-30,706030,56072,75797,35836,390004,78897,34810,39874,414396,10576,96176,48168
2021-03-23,690625,48637,64997,30549,403739,71112,31287,29641,426650,11235,92408,47315
2021-03-16,684075,47212,65609,27792,409510,69040,27893,28505,428318,10711,90919,45725
2021-03-09,766605,62647,70108,37407,399448,72129,27939,36892,443033,61317,99968,44525
2021-03-02,746742,71031,58524,36808,405335,65747,32444,31249,464889,34498,94795,43857
2021-02-23,743343,71137,55981,29850,404739,58174,30365,27524,483228,33662,99887,42056
2021-02-16,718146,65581,51100,27692,399621,57160,29298,28275,478894,22613,97213,41947
2021-02-09,717791,67489,52387,28980,390804,53449,29316,29892,475097,22959,99228,46152
2021-02-02,729707,70008,55688,34565,388345,54976,30220,34808,476130,21737,100626,46470
2021-01-26,726169,73432,49419,30429,394312,55793,27939,34413,495502,16631,100440,42634
2021-01-19,722432,76596,52077,29190,391975,56170,26817,32154,492741,15947,103409,41638
2021-01-12,721744,67494,50716,30951,402058,69487,26950,30870,479323,15847,103284,40533
2021-01-05,729116,65874,55606,35395,400411,72325,26963,33879,471517,18992,100351,39610
2020-12-29,725975,66113,51025,36585,399959,75348,25734,32035,469892,19023,100488,40021
2020-12-21,716532,66762,48907,39343,382887,75363,25161,34029,453601,24752,97560,40608
2020-12-15,707095,65070,48973,31748,379737,75863,23304,35950,450973,24981,101391,42266
2020-12-08,733134,72281,59331,35481,373959,73999,24802,44100,449499,34814,104932,46622
2020-12-01,719718,61304,58937,41086,372394,72350,29543,48912,441600,18953,101152,47971
2020-11-24,694836,55973,58697,34371,379593,68813,28763,39491,439678,15330,92420,40590
2020-11-17,686966,54261,60789,30712,373792,70824,28354,42220,430127,14332,94486,43380
2020-11-10,683948,54514,60225,29015,372113,75943,27480,42330,427438,12873,97373,43346
2020-11-03,680961,49014,60348,31385,364392,78274,27659,44801,417568,14851,90170,42862
2020-10-27,691570,60052,55205,35539,364357,72920,27544,34790,432143,15779,97055,44485
2020-10-20,698840,66002,56265,35223,369724,72981,25057,30926,441359,15404,98640,43742
2020-10-13,693634,62692,55800,30244,376671,72095,25903,30249,441230,13865,96674,45169
2020-10-06,711773,67495,49604,39025,377469,77119,26105,31341,450804,15435,97961,44539
2020-09-29,717952,76449,48687,40600,376634,91605,27217,29818,441227,15339,92924,44391
2020-09-22,725636,72860,54454,38562,390443,89787,25332,29146,446358,15091,95168,45319
2020-09-15,710489,64829,48407,37177,394296,90661,23758,29744,446751,11496,100088,42344
2020-09-08,742850,78417,53298,39152,400539,85939,22861,29375,467205,17601,102930,48670
2020-09-01,777335,78604,52845,54438,408832,81941,24861,31655,486854,20967,104572,47059
2020-08-25,780921,81651,51052,54497,415545,76281,24059,28777,501061,18546,106060,47608
2020-08-18,785166,87900,61821,56622,415172,69421,24996,28478,502432,16702,109545,44868
2020-08-11,776236,90671,65307,50749,409172,69270,23797,27405,498181,16054,103429,44010
2020-08-04,795353,85507,74460,66345,408571,70344,26014,27064,486005,17967,107597,44261
2020-07-28,768384,74588,80775,62233,408321,70588,25353,26794,457365,16241,105965,44896
2020-07-21,710896,54568,71975,50358,393950,72713,24538,25654,411088,17491,102791,46308
2020-07-14,667904,48181,80775,41527,379793,77355,20502,25700,373091,17480,97589,46542
2020-07-07,646323,44949,75760,34951,358628,84682,18580,25755,356371,25005,93611,41592
2020-06-30,643597,40337,73975,41509,354902,92595,19964,26615,336789,26715,91830,42670
2020-06-23,648743,48658,68319,39718,349974,91563,23554,27207,344346,26767,88551,44654
2020-06-16,637313,46626,67870,38178,348453,89976,23646,26279,336032,26175,83406,46429
2020-06-09,655042,50063,85692,38938,344358,87666,25369,35864,329075,28181,88856,51386
2020-06-02,648551,45340,84075,47519,336408,98931,26433,40137,304086,25217,86839,50794
2020-05-26,609350,46896,81847,38717,331228,107358,25165,39633,288035,12702,80326,48796
2020-05-19,601044,43156,78905,38946,322760,105987,25846,43393,280817,12529,80760,50987
2020-05-12,598612,45390,76526,37796,321092,98356,25689,45280,286831,12796,78034,49524
2020-05-05,605228,46999,76821,48100,319310,93527,24318,39973,287078,14289,79869,52597
2020-04-28,608104,48884,72851,46736,324364,91100,24628,37307,295383,14443,78967,50403
2020-04-21,608534,47475,71751,45238,332992,86677,25128,32469,306642,16786,76502,48171
2020-04-14,600593,44420,72053,42770,332058,86510,23636,33447,308632,15416,79576,45051
2020-04-07,615155,41908,77209,45276,338701,88217,23027,34240,309683,18447,85905,47214
2020-03-31,634755,37599,81809,57825,343860,84567,30285,37332,300165,23693,76472,49125
2020-03-24,666348,34561,88898,67617,357095,92337,31521,39079,295115,24499,87438,59059
2020-03-17,680940,33460,105254,61523,386796,96783,30586,35764,305847,25259,83091,47769
2020-03-10,754022,31321,146560,75001,410321,104821,39044,30842,281237,41624,95855,54732
2020-03-03,752287,34078,189677,74172,392199,143962,37043,27479,166797,63212,90774,63920
2020-02-25,710390,36821,200472,60464,381509,173149,41023,32607,121644,24498,98176,66395
2020-02-18,696623,40557,190964,53186,370661,171014,42342,32112,137883,20454,102106,64535
2020-02-11,672682,37897,181333,42375,380551,168458,37721,28118,146901,14602,97279,65392
2020-02-04,651676,35186,169744,39025,364434,171118,36657,30968,148777,10779,99315,60463
2020-01-28,655157,44829,164221,39524,358122,171023,36371,31307,159864,11374,99349,58502
2020-01-21,627893,35869,148632,34443,352307,154005,32168,27170,168574,13042,99197,57960
2020-01-14,614421,34101,152981,31218,346822,148520,30180,28856,164101,12829,97267,56595
2020-01-07,597223,34531,161717,29432,347024,139526,29699,27358,157899,8798,95356,58112
2019-12-31,616838,38707,171744,38512,340992,146204,33785,30439,144120,9018,97073,61496
2019-12-24,582686,36759,159947,27644,338667,153890,30840,27388,134042,7627,89202,56946
2019-12-17,591708,37344,148952,34122,343415,161160,30013,30597,137064,8108,82456,60824
2019-12-10,690434,42484,148154,35489,347922,172020,32746,33579,144468,75424,100524,71084
2019-12-03,648810,42546,138845,40814,351142,181032,36242,34798,151730,26749,93668,60053
2019-11-26,629940,39255,142229,33283,349348,174770,36856,37752,150316,16643,93116,62633
2019-11-19,625648,41282,132717,33175,351263,176064,33696,38760,155023,14259,92144,61611
2019-11-12,616392,34839,139293,32553,352114,166555,33034,36539,158494,13282,92612,60790
2019-11-05,624202,36610,145206,38513,349233,155974,33125,36947,155173,16250,89299,60025
2019-10-29,599252,37390,136234,36454,328896,159637,32672,36894,143692,15665,87570,59952
2019-10-22,593975,34685,136175,39390,317716,158850,33864,38246,135095,17414,87950,58893
2019-10-15,575023,29341,138357,35339,307510,169066,33495,44874,105555,13748,86910,60167
2019-10-08,570835,31214,146828,35649,301561,171883,32311,46868,91792,13436,83458,62871
2019-10-01,601576,33001,138713,54485,293905,174971,44272,44630,95177,16544,89018,60623
2019-09-24,578955,23850,123904,48018,295492,167033,41252,43763,100970,16280,85958,61373
2019-09-17,578380,26727,140045,44936,293538,166985,36167,47267,95746,18964,81366,57355
2019-09-10,653359,31153,136788,54428,300124,166171,37559,49210,101965,73963,84082,67047
2019-09-03,652161,38698,142256,68897,310179,165713,44494,43720,113994,34757,90167,66960
2019-08-27,600158,26620,124138,52502,314852,164652,34810,39774,122691,22464,88445,64580
2019-08-20,613127,25151,127412,44402,337978,167097,32818,38593,135960,18997,88259,65445
2019-08-13,613825,23310,137998,41425,342586,165998,32884,42152,130819,17818,88291,68831
2019-08-06,618928,34831,128576,45337,316678,186394,36832,48038,113319,21584,88742,67384
2019-07-30,633289,29101,142168,45780,335412,175942,38609,46490,125599,16961,93490,69077
2019-07-23,610661,29915,135701,41549,320004,161148,37287,44344,131674,15965,94563,68278
2019-07-16,595995,29734,128172,38186,315494,157934,36493,39098,138694,15641,92187,62709
2019-07-09,572518,26945,126234,35576,311492,152580,36070,38956,139222,11690,90868,59572
2019-07-02,583643,26170,120729,46678,315600,144850,35322,35869,145040,13367,89708,63492
2019-06-25,590267,27985,127955,49856,310998,146568,37435,35092,139306,15211,92203,59557
2019-06-18,559379,25787,124641,39886,298115,151290,33462,36545,123994,11432,86823,60614
2019-06-11,597323,21916,135787,43862,304246,152926,35409,34360,105980,41197,92989,68572
2019-06-04,586063,28699,135850,52540,302117,163913,34375,33238,96332,23058,89515,63047
2019-05-28,595571,26737,143708,50219,302501,162324,36136,37984,88550,31624,91670,63111
2019-05-21,572863,26318,146259,41708,305941,160477,34979,38496,87125,18015,89292,65471
2019-05-14,556741,25262,146244,36343,301180,155196,35581,36646,82252,17310,86852,66967
2019-05-07,573680,25971,150589,40933,305558,163094,34909,40485,78234,17904,89895,67931
2019-04-30,586672,27305,147906,48150,303882,168367,39089,36522,72762,21351,91445,68521
2019-04-23,569620,28897,142807,41398,297957,166053,36834,38476,76340,17114,88772,68282
2019-04-16,553608,24516,135285,37906,298177,165069,33745,36176,80910,15043,88137,63655
2019-04-09,547667,22349,136141,36664,292596,169968,32774,36809,70848,15094,90372,65139
2019-04-02,565421,23619,139301,42904,294989,174740,37956,36526,66172,18807,90007,64401
2019-03-26,544893,24084,119915,37228,295012,166804,34356,31780,80628,14036,89362,69429
2019-03-19,530038,23709,115268,34310,295341,173527,31919,32943,75048,12468,79735,63744
2019-03-12,585955,30319,120368,42779,293631,179661,33749,56345,92732,16711,94033,76714
2019-03-05,600510,41448,125570,40897,299676,176966,31371,50663,109202,19712,97653,73701
2019-02-26,584331,27830,112978,42677,300997,174194,31255,48407,116155,18147,94817,66628
2019-02-19,590474,27130,122454,40674,310388,168883,31576,45420,120792,17454,97510,67551
2019-02-12,586629,34103,122992,36467,312889,167931,28970,43249,127555,13873,95210,68047
2019-02-05,571998,27360,108815,35546,318264,156898,28338,35037,147313,13128,93454,60773
2019-01-29,578374,27750,112451,43871,316000,159807,24584,38255,141365,13434,94076,62517
2019-01-22,580434,27581,113456,41890,316523,162041,25008,38211,141216,15947,94639,59022
2019-01-15,577651,30285,113877,43498,313084,161096,24215,38825,141852,15551,90249,57759
2019-01-08,560517,27916,114515,39044,310890,167386,19871,41492,130197,11440,90516,57589
2018-12-31,557374,24879,115499,44358,306440,176610,21555,42412,110673,11096,85893,57321
2018-12-24,560867,22723,118142,43575,305650,177999,22258,40825,108270,12147,93637,60121
2018-12-18,557285,24203,113950,45937,300669,181965,23780,42905,98354,11909,86683,61841
2018-12-11,664537,27931,125834,46444,298189,170329,24699,39042,96454,93864,114571,86851
2018-12-04,614890,27859,130924,60612,295577,167628,26712,40689,95937,41926,98637,69814
2018-11-27,604473,24862,138673,52058,298722,160764,25946,35819,95490,43917,98983,66884
2018-11-20,598856,32541,137102,48458,297487,159944,26774,37548,93888,37965,92745,69051
2018-11-13,590543,37627,130664,47028,302319,158793,25669,41516,104856,24917,86170,72540
2018-11-06,590939,26200,128945,50592,290681,156326,26974,34831,97521,34231,95645,69025
2018-10-30,592036,36770,124977,54233,279566,152931,28270,36503,98807,32244,91074,70428
2018-10-23,560984,29517,118962,45876,282561,148544,25294,30202,99269,29693,85773,66297
2018-10-16,532383,25959,110312,42169,280817,142083,26211,25399,102722,21336,83405,65868
2018-10-09,553282,33494,117678,44745,275364,142343,28109,25819,105672,25573,87945,65461
2018-10-02,555517,37190,116519,49069,274539,131849,30245,24485,116340,24386,83467,66846
2018-09-25,544300,30857,117892,44178,276252,127563,31834,22093,124366,19714,91936,61320
2018-09-18,525299,33133,108519,38359,269939,129321,32072,21967,106534,18787,85509,66006
2018-09-11,612486,28794,102814,48172,266623,123512,33293,56575,142677,59790,94177,73065
2018-09-04,622348,30125,121971,61477,276732,125292,35641,55497,147115,42429,93308,72405
2018-08-28,615823,29482,131034,59008,274417,125815,34921,63668,139003,37409,91134,73151
2018-08-21,621046,40385,143208,56370,275859,128948,36065,68282,131574,29828,85426,78240
2018-08-14,627884,46368,133806,62529,273879,126527,37688,49428,136961,35652,91147,76505
2018-08-07,574969,33133,115286,43331,275264,121491,35946,50151,147023,24911,87268,71607
2018-07-31,568317,33095,100493,42865,274052,115215,37956,45769,169251,21370,88970,65366
2018-07-24,569003,33242,101643,44977,269132,114948,40087,55410,163989,21744,80760,65368
2018-07-17,560086,32389,102254,43303,265630,115126,39181,58657,156471,21556,73785,65801
2018-07-10,544672,35412,106707,41662,250487,115013,37425,59798,140597,20599,73447,68430
2018-07-03,581181,37610,97208,61477,261405,117390,37533,51727,159016,25431,76717,64811
2018-06-26,577795,33897,97042,60105,267488,118619,36243,50441,157458,25064,73625,65117
2018-06-19,575576,35528,92927,62006,263856,116316,37782,50966,160062,20439,73251,65730
2018-06-12,680977,44995,93668,57813,275773,113005,36304,92847,228448,64058,80360,70772
2018-06-05,700377,52570,93069,86866,258348,108509,41760,91593,219066,58189,78449,71549
2018-05-29,687144,60535,80385,87999,251803,102890,39744,77836,236408,44976,91084,70747
2018-05-22,626265,49238,66454,71078,262992,95606,32488,62933,238194,39622,80228,63410
2018-05-15,596415,51134,61317,56837,261717,91104,33179,56509,242682,30960,80022,63878
2018-05-08,603408,66655,61776,53585,264187,89031,32923,48973,263613,27275,83037,60428
2018-05-01,608298,59243,59345,63307,269464,79463,38063,41335,267147,28086,81328,58317
2018-04-24,562555,53179,49895,46897,262313,77976,33106,38020,263901,24235,82998,57372
2018-04-17,566606,75075,51622,39589,256767,78617,30981,37528,279820,20558,83768,55416
2018-04-10,566657,74846,54137,40410,252423,79746,29655,36229,278760,22659,82921,51138
2018-04-03,572873,67945,53435,52031,242558,81508,31158,42182,260679,27042,81361,54814
2018-03-27,591839,77755,59368,53590,244998,83798,29958,44511,272168,25291,87038,56185
2018-03-20,570580,69931,51772,51004,239310,89085,29630,43529,260624,22745,87768,52715
2018-03-13,654157,74030,43901,65437,247756,100414,26795,84651,303808,25754,104286,74427
2018-03-06,654353,69977,44821,67820,244660,104771,27201,87557,304133,35884,93640,55352
2018-02-27,666606,86808,49678,63199,241092,110419,27827,80953,301763,41996,94712,57354
2018-02-20,661807,80727,48003,61946,251282,111736,27051,80777,308661,35859,94072,53278
2018-02-13,652721,84788,45788,59731,252260,116054,25318,75959,312053,35741,89778,43071
2018-02-06,722138,100811,45020,88355,262913,119066,29406,72359,324819,41475,92899,57575
2018-01-30,728311,106706,44494,88222,262440,118127,31565,68982,333042,39386,96775,57274
2018-01-23,711510,107489,61242,77332,270108,118408,26732,64218,324340,34245,100511,56142
2018-01-16,689429,97331,65945,71797,269192,117501,27739,61009,298793,32481,100934,61708
2018-01-09,631130,98315,57218,52892,260969,110868,25896,48140,294045,26444,91097,52006
2018-01-02,632080,91042,65754,66707,239268,107555,30871,53773,257313,28799,93016,59994
2017-12-26,570775,68942,74305,55227,230176,105977,26526,48127,215027,27752,88745,52457
2017-12-19,561933,59950,67850,56647,234936,105474,25516,48645,210940,29440,82891,52491
2017-12-12,580674,63366,55963,71596,235385,105546,24840,43412,210982,33541,84508,64459
2017-12-05,600891,60493,66242,81716,237168,100160,23434,43411,212729,45954,85585,55392
2017-11-28,596614,59901,67727,80001,240067,98289,23857,41220,214492,40450,86031,55466
2017-11-21,554238,50264,55246,71028,232698,101213,21136,41521,195241,35776,79276,58921
2017-11-14,554186,65232,70902,67978,224592,96010,19656,42889,140762,30321,78347,64671
2017-11-07,528613,56282,62099,58771,221560,99558,19674,41866,130952,29559,76306,64363
2017-10-31,531966,54837,62532,63221,215955,99055,21403,39835,119985,33223,76890,67133
2017-10-24,524248,64625,59014,60020,207086,98221,20320,40488,130864,28126,79051,58077
2017-10-17,522748,64743,55026,56342,206018,96600,20016,40519,133280,28936,78973,58199
2017-10-10,524781,73994,55408,58683,202741,98096,21028,39266,129865,25790,77341,60576
2017-10-03,531584,67026,51746,65691,200127,99173,23567,39276,127245,26445,80451,62290
2017-09-26,517813,68551,48864,60072,195791,94737,22799,35620,123613,25462,82197,62414
2017-09-19,514771,75114,73508,55901,194388,96345,21026,39259,105190,21059,81758,60709
2017-09-12,566805,81520,56069,71584,190031,96273,19797,54314,157583,24572,94093,67087
2017-09-05,572607,77894,47730,75491,196735,93893,26412,49390,163665,28876,86331,65686
2017-08-29,582900,77158,46577,77501,189340,92122,29393,55096,167026,29693,90274,67511
2017-08-22,555963,76782,53150,63370,195176,92828,25038,49520,165807,28633,83869,60188
2017-08-15,554716,68941,58407,63766,198933,90905,23851,49741,159805,31287,83045,60149
2017-08-08,552858,80539,55887,65120,180286,86690,23374,53499,166259,27489,86120,60432
2017-08-01,571784,67201,58415,86373,179835,83034,31012,53734,149998,29031,87547,65468
2017-07-25,543872,65405,59483,69195,181089,81539,27363,49925,147299,25159,86206,64720
2017-07-18,529449,73947,64589,60230,182340,79563,23813,41013,145755,22433,86580,62394
2017-07-11,507632,69354,68765,51509,179032,77751,20059,43557,138937,20195,84822,63443
2017-07-03,499733,62845,72468,55247,176401,70575,16927,41859,125936,24055,82053,61515
2017-06-27,473996,62748,73018,50099,172915,69307,14157,39494,99594,20266,75263,62291
2017-06-20,440683,56976,74266,41639,167616,69827,12491,33636,85005,21002,70498,55727
2017-06-13,529531,58884,52170,52209,169874,69703,11559,82748,165923,37029,77664,68085
2017-06-06,551076,52410,52766,75767,167227,69357,17781,86892,164205,32679,77550,64298
2017-05-30,549527,61767,63104,66711,169639,71840,17211,83564,165205,28935,80348,62340
2017-05-23,545856,60223,71786,65365,169013,75463,17164,89615,160589,25138,75440,61308
2017-05-16,516782,50363,87386,54370,169450,75039,16501,86849,133879,22595,72565,63015
2017-05-09,486753,44483,95684,51254,165834,78123,11039,84625,113353,19815,70321,59663
2017-05-02,497790,47001,108417,54373,166929,85577,10510,86838,91032,26181,62986,63605
2017-04-25,500326,44163,135837,52020,167363,95352,10347,92655,65685,25418,66753,61457
2017-04-18,502126,52764,150500,42369,164924,108099,9649,107937,57130,22245,62501,60964
2017-04-11,485655,50649,134122,38932,164696,107071,9622,96825,64909,20843,65367,61111
2017-04-04,466776,50495,117931,40287,163706,96678,10291,79616,75757,19637,65367,59842
2017-03-28,478273,53309,113252,44125,160956,90767,14120,84240,85577,17741,64186,63103
2017-03-21,477634,51196,120287,43371,163840,97019,12551,84052,70344,17863,65280,63092
2017-03-14,439166,43178,129651,34579,155523,105323,10493,81452,37611,16322,61469,58313
2017-03-07,491765,40263,140997,36791,150852,103157,10515,111911,76181,24518,61288,69408
2017-02-28,515811,46462,129444,55501,148046,103265,11874,108659,88638,27947,60983,68570
2017-02-21,502900,43114,135850,51104,138127,96320,13505,115233,81403,25768,61193,67089
2017-02-14,486545,43744,124700,48240,131046,91105,14663,110478,82607,24025,59507,69977
2017-02-07,482552,43974,122385,43033,140003,88431,14195,108788,100004,21392,59215,63345
2017-01-31,485900,44474,121033,50497,138631,85082,15213,107740,94152,21812,58268,67797
2017-01-24,487387,39311,130777,47083,148741,87443,14656,108200,91160,19788,56291,65272
2017-01-17,486801,39921,145758,45154,150033,90251,16078,111694,73796,18416,57110,66026
2017-01-10,484870,41180,150808,42623,146285,95912,13553,121164,65780,18061,58748,66029
2017-01-03,499530,40791,152928,49562,142293,99638,15524,127709,61300,21535,61045,64673
2016-12-27,486557,42121,144509,47415,138810,99268,15410,123159,53944,22019,57182,67089
2016-12-20,483844,38936,140340,49912,140405,95214,16019,118022,55217,22692,57113,68067
2016-12-13,516828,39545,155171,40445,139247,93823,14550,107482,27293,74891,58011,70733
2016-12-06,533439,37378,169036,63667,138272,101610,17792,132498,24666,48985,59098,70929
2016-11-29,543596,37472,197032,60345,142048,97846,17750,146274,20096,42848,62775,72249
2016-11-22,523899,40735,179132,54845,139069,95718,18023,134364,19435,40352,61445,73527
2016-11-15,491821,35457,167601,47669,140331,95488,14878,129447,26462,35728,57448,68621
2016-11-08,477706,37446,178874,36590,140414,98469,13609,145672,25328,30098,47937,63043
2016-11-01,516082,36719,199716,51638,138481,103181,14722,168266,11871,31995,49528,69141
2016-10-25,525971,49077,200751,50134,137875,106498,15688,154449,13227,35809,55699,69253
2016-10-18,478817,31532,171081,44880,151710,105983,15711,126691,10912,31021,49955,65974
2016-10-11,438754,28387,141056,40532,146217,102752,14355,103758,11680,28371,49715,66553
2016-10-04,408599,23507,118928,41329,142915,101177,15120,85860,8462,25342,49678,65336
2016-09-27,382409,21452,107399,36475,135287,100978,14823,82271,11098,18873,47744,59864
2016-09-20,375526,21781,110100,31666,125827,101635,16671,93496,7551,14790,47355,62883
2016-09-13,428594,23866,112164,46434,126540,95445,18654,119527,23204,21404,48300,71240
2016-09-06,443910,25452,121145,44860,126367,104231,18558,129573,16486,27994,49277,70692
2016-08-30,439005,31653,124395,40231,130538,101969,18617,120652,18878,22936,50000,68837
2016-08-23,438678,25197,119503,43156,128029,98050,21445,120456,24784,21405,52380,67524
2016-08-16,438077,22034,132588,41857,124694,98310,21708,129257,10422,21484,50086,66859
2016-08-09,432970,19691,135620,37336,122383,95008,20614,141732,11120,19957,44775,66272
2016-08-02,449286,24914,143721,42398,122938,96054,24135,138868,10629,19078,49095,65684
2016-07-26,470462,36028,155356,43059,121475,94627,23983,150495,11248,22955,45672,69229
2016-07-19,457340,40328,152246,41942,118508,93250,23504,139765,11012,20988,44080,68644
2016-07-12,433770,38497,136964,38169,120372,96921,22312,124954,10254,19745,44093,65113
2016-07-05,451001,45261,124739,50107,116455,96091,28290,110565,9928,29680,44158,62945
2016-06-28,428876,45369,106370,48749,117469,93231,30491,87099,13585,29575,45398,60275
2016-06-21,389356,20039,97174,40441,125976,94772,21279,85098,15019,24059,47623,60244
2016-06-14,399544,33452,101906,37575,123231,97806,22327,81375,14993,25209,48817,63106
2016-06-07,439240,39363,104024,52192,122898,98164,19655,74710,33401,30894,60832,74440
2016-05-31,439127,44971,102934,49471,122704,93760,25283,72591,38315,31386,53932,67427
2016-05-24,430837,42428,88899,47688,121400,93996,25373,67965,48388,28457,56441,67369
2016-05-17,415886,47030,67592,41956,123243,93948,21713,63261,69473,24903,54048,67085
2016-05-10,406949,42851,70579,36025,126748,93269,20219,63540,71500,21896,56122,65342
2016-05-03,439978,47708,78464,48704,123748,93405,22167,66803,72269,31328,58049,64591
2016-04-26,402253,47488,84528,37816,118013,97043,19717,66080,53636,20175,53282,59914
2016-04-19,401441,48036,94137,32874,109435,97658,18764,76837,47193,19917,55636,62474
2016-04-12,388001,42530,85117,30825,101624,97740,18594,77166,42059,19621,58249,63883
2016-04-05,413599,40741,87014,45482,103569,97141,22824,78530,35360,25168,56480,66137
2016-03-29,393068,39116,96607,35613,104777,100290,18250,80666,24658,20272,54416,60885
2016-03-22,383958,32372,94855,36278,104829,97886,18955,79120,19884,19017,51799,61103
2016-03-15,377131,30648,100724,32304,106785,99887,19398,82617,10374,16737,47776,60372
2016-03-08,488698,51828,110349,42492,109194,105137,18079,128300,82769,26255,50696,70522
2016-03-01,503904,55892,101572,49898,109687,101088,24486,125039,93458,29433,49382,67881
2016-02-23,497724,55686,83871,47510,111053,96084,23920,122674,126817,23066,52329,59809
2016-02-16,501611,56773,90074,48019,98518,96528,23091,119772,125224,19921,52832,59811
2016-02-09,512710,55097,107526,49082,100711,98648,22667,129252,114740,18775,53123,66045
2016-02-02,465299,43462,118484,34169,98946,108752,19737,128552,64791,15962,44188,71626
2016-01-26,459832,39431,129460,32354,95323,112460,22556,134564,37199,15542,61051,78067
2016-01-19,455070,41763,136353,32151,96465,111798,20424,132364,33598,14191,62920,74663
2016-01-12,452544,35830,143735,31349,94533,112929,20334,136687,17763,15948,61608,77835
2016-01-05,477926,38033,157097,42366,93556,107938,21991,142029,13496,17339,64378,83846
2015-12-29,466815,34398,157374,43129,94834,106350,17365,139361,9475,17390,59607,80379
2015-12-22,476418,38383,158671,45752,91825,109200,16407,141439,8653,17761,60521,82753
2015-12-15,474039,39066,156906,41981,91454,109500,17694,142939,6997,17004,59591,85921
2015-12-08,541941,43853,175611,62786,93812,102250,15757,147843,20716,24924,63898,91344
2015-12-01,582253,43525,186764,67862,98753,90688,25495,156619,26090,36703,51465,96699
2015-11-24,557979,44399,184992,60633,88500,85949,23870,156167,25698,34686,49850,93588
2015-11-17,549229,46900,179020,59616,87482,87071,23347,144930,26804,32738,50811,93675
2015-11-10,525055,46901,171859,52610,86065,80323,24206,127380,30316,29636,48414,93182
2015-11-03,508356,42438,149265,52180,87911,83551,25555,127923,48120,23001,46336,82895
2015-10-27,467662,46747,122408,44709,81499,84203,22000,112789,55245,19312,47615,77994
2015-10-20,415041,42296,85341,34543,88101,87005,17753,88899,69818,12300,48291,66719
2015-10-13,404750,41568,95020,33356,79566,87904,16856,92643,46840,11713,49735,68119
2015-10-06,401381,38761,97297,39092,75410,91488,18400,92620,24435,16447,45775,67742
2015-09-29,389066,34662,89628,37465,68673,93299,20698,95853,12690,18112,43598,70124
2015-09-22,387711,33994,88631,35999,66814,87309,23388,92729,17919,18987,46877,69277
2015-09-15,376033,33167,89851,33960,67490,90771,21345,94809,12281,16891,44690,64215
2015-09-08,448984,47192,94738,42136,72383,94321,19045,134813,55664,22874,43965,72914
2015-09-01,471310,43718,80869,62787,77177,93286,20063,124898,64464,27124,48867,71235
2015-08-25,476186,52649,90350,59300,77690,95366,21827,122407,59047,24071,49721,77271
2015-08-18,431593,40013,98264,40715,75077,87198,18872,117479,39874,20979,45914,77071
2015-08-11,433487,38520,107868,39764,74115,93377,18112,126824,21942,18088,43816,82967
2015-08-04,458477,38640,112136,48507,71542,99547,21360,133912,17000,24903,42686,82911
2015-07-28,439231,34683,101739,47284,71435,98905,21244,123681,12845,20917,42901,82916
2015-07-21,450039,35124,108584,48121,71074,103150,21116,137267,11279,21532,43977,87069
2015-07-14,436035,31366,97603,45885,67142,108482,20338,131781,10179,21733,43990,82266
2015-07-07,437552,34708,95126,46998,66583,106974,20643,135274,11393,20970,43245,87735
2015-06-30,441287,37124,86951,57904,58948,108401,19753,130233,10522,25277,43348,80774
2015-06-23,438457,43189,89927,54857,57411,111969,18656,125219,8281,24682,44946,79588
2015-06-16,437602,58668,91378,53713,48586,119742,17532,115688,6837,20573,42857,78795
2015-06-09,524398,29436,103926,73504,49536,120600,16490,129962,38609,23749,46453,88501
2015-06-02,560961,32348,116308,79931,50174,122454,16923,137701,14961,40629,46094,94273
2015-05-26,567547,31516,138027,73232,49968,105273,21069,143503,22935,42482,48282,88253
2015-05-19,550092,26459,128703,68745,50438,108673,17719,150880,29085,36952,49363,92624
2015-05-12,547153,30638,138038,61757,49743,112443,16665,162866,27457,30736,48255,89495
2015-05-05,584042,31891,148642,77047,51446,108124,18908,168331,18923,35949,52864,95395
2015-04-28,570238,31336,156562,65631,57011,115790,17452,174202,17775,31266,47397,94690
2015-04-21,567388,28430,168436,64455,51860,113072,16608,188705,9739,26293,47027,93321
2015-04-14,562328,24203,174311,64136,48808,104190,17038,189737,10799,24795,47499,95438
2015-04-07,537035,13861,171004,58066,43904,99877,16668,194109,8087,21239,44613,91681
2015-03-31,590248,18479,182323,78196,44376,100171,17979,214780,9149,30263,45630,96734
2015-03-24,584793,16365,191411,73012,45592,97797,18962,206759,6962,28378,45535,100443
2015-03-17,571811,21461,176667,72900,42105,96342,21904,193940,7154,24533,44447,101040
2015-03-10,597831,39234,174189,79490,43773,86498,20592,234483,29605,37568,47019,102556
2015-03-03,566049,26197,169240,76014,44643,86550,22908,228119,25213,33321,43538,99761
2015-02-24,544362,22348,168882,72389,41171,88828,19421,226645,19504,31929,41895,94964
2015-02-17,551088,23341,169572,72258,41067,91609,20748,236060,16266,30718,41274,97606
2015-02-10,559511,22447,176131,74184,38723,88971,20433,242796,14566,30882,40610,95385
2015-02-03,612087,22024,169649,99947,39980,97907,20523,250922,11752,38049,44145,105296
2015-01-27,604941,26929,158522,100748,40428,95145,21256,239316,13823,35947,44717,107249
2015-01-20,575383,32430,170722,80857,34180,95332,18161,246074,15120,28393,47819,105484
2015-01-13,524319,30122,165426,62129,38529,91215,17400,231486,12288,22000,39553,99310
2015-01-06,530375,30890,159463,71334,39499,88253,16077,212126,12748,33939,39799,97041
2014-12-30,482748,27185,153179,59560,40676,86944,14200,194990,11264,26123,37559,89297
2014-12-23,470894,25491,148602,58854,39493,84656,13907,188520,10782,24400,37904,89277
2014-12-16,448380,34762,133942,57254,34485,88957,13247,169974,9445,18913,39741,89958
2014-12-09,552194,59636,144610,61781,42390,89433,12290,243736,70718,35857,39267,97954
2014-12-02,582836,61382,171615,71360,41984,84755,13495,254909,62303,35502,43145,101159
2014-11-25,577319,55908,177260,64691,42759,88158,13355,267571,56598,33935,38575,101308
2014-11-18,569263,52549,183458,62492,42183,87641,12691,269120,54025,31428,39066,98663
2014-11-11,570359,56906,183199,59898,42092,84550,12570,269036,55134,32325,38203,101032
2014-11-04,598537,58945,188219,75864,41154,85120,14748,264910,42111,42613,38696,100065
2014-10-28,551111,53495,179554,67301,39709,86866,13693,244349,34924,37873,38142,88311
2014-10-21,555254,55135,176825,68166,40889,89466,12816,240844,37063,39708,40672,91298
2014-10-14,544475,52371,172431,64024,40777,89094,12428,237071,34163,40422,39590,90669
2014-10-07,534015,56180,160782,65564,42408,87952,12419,223023,30021,35588,41498,97399
2014-09-30,551194,64239,159634,84022,42670,84967,12263,209777,35998,32998,46641,94882
2014-09-23,509025,60919,170190,66442,43580,80665,9874,202599,21778,25582,42407,92556
2014-09-16,497010,79518,183734,56664,43142,73754,10259,195829,18587,18889,38856,92633
2014-09-09,584783,68389,189054,99580,44187,70501,10910,233671,26782,37926,45655,97972
2014-09-02,525209,62796,197990,52067,40269,66972,14732,240047,21801,29638,48471,94294
2014-08-26,494900,55482,186982,46173,46211,65717,14180,225746,21056,24407,48342,92698
2014-08-19,464108,61082,181004,36369,46067,64812,11214,216185,18300,18311,41707,93543
2014-08-12,434656,55460,161961,33126,40827,65959,10320,206542,14955,12971,43241,93839
2014-08-05,450253,59130,168676,40015,46943,64482,11972,202317,17043,14119,42513,92263
2014-07-29,420808,62848,147910,34866,47656,67555,11157,174846,16326,12816,43441,90323
2014-07-22,396788,60216,128370,32605,47198,75085,10264,157763,15388,11668,44204,85999
2014-07-15,354323,53674,102784,27552,47836,75122,8296,136322,15438,9559,38419,80279
2014-07-08,333197,40906,91697,24522,47866,72406,7782,134674,15954,8930,37273,77101
2014-07-01,339147,42257,91891,27181,48541,71271,7135,129235,16704,9537,40311,75887
2014-06-24,336523,44557,92006,25612,48208,72076,7553,129938,16952,10014,37863,74071
2014-06-17,335094,42845,90949,25357,48144,70873,7607,127593,17543,11584,39178,71327
2014-06-10,378483,29198,78797,45723,47548,68995,7263,138211,24534,33076,46060,78325
2014-06-03,342351,38235,64991,36303,46902,67144,8581,111488,23305,21590,45177,74614
2014-05-27,334587,50306,62483,32739,47896,66871,8602,94379,24356,19888,46555,72682
2014-05-20,316787,57238,58973,29099,47580,66041,7990,79060,23939,17314,46943,71012
2014-05-13,315844,68139,57475,27288,44011,67190,7613,65727,26252,16178,51995,70768
2014-05-06,322339,94856,49787,26642,42527,75634,6731,45704,31112,14257,54460,76573
2014-04-29,311914,88613,47647,22599,42164,83253,6346,54706,28289,11999,48270,71357
2014-04-22,303303,88769,42736,20270,41344,87839,6624,52987,24903,10808,47438,69389
2014-04-15,308277,93018,46835,20777,41892,90372,5695,54125,26965,11166,46972,68057
2014-04-08,292928,78976,40339,17751,42337,91054,5652,59629,25797,9625,47427,67562
2014-04-01,301098,87757,36536,22799,42038,92424,5867,50440,25340,12001,47176,67314
2014-03-25,301134,94469,35854,21423,42275,93478,6568,46388,25478,10629,50969,70009
2014-03-18,303993,102011,33839,22852,41907,93712,6408,41487,30546,8908,54022,72309
2014-03-11,355833,104745,42878,27240,41325,88726,5933,78204,62220,14739,58284,75609
2014-03-04,368036,96317,49860,40336,41287,84408,6179,85242,56549,18697,52629,68397
2014-02-25,358086,84355,46734,40039,42002,82452,6283,88752,49453,19947,50147,67664
2014-02-18,351315,81056,48795,37617,40585,80092,5952,90409,43382,20093,50167,69323
2014-02-11,335669,66998,52681,36788,40300,80965,5351,99563,32588,18271,44841,65792
2014-02-04,343092,60298,48263,40361,39780,80535,6377,100144,25283,23549,42869,70582
2014-01-28,319053,79676,42172,34128,40892,70594,6485,69880,36488,18278,44547,69525
2014-01-21,314442,78276,52532,33658,40423,65481,6015,69074,26537,17409,43293,75629
2014-01-14,294974,83313,48593,29221,40658,65898,5784,49590,26546,16291,46829,67210
2014-01-07,290340,87338,43796,28210,39701,67593,5238,44398,25412,16976,44160,66571
2013-12-31,305809,97841,43969,34892,40280,69230,6185,28734,25642,23305,50696,65068
2013-12-24,299113,96806,42173,32213,40407,68910,5637,27734,29362,19889,49771,64929
2013-12-17,290292,93825,42352,35087,41615,66446,5546,26185,23162,15288,49741,67292
2013-12-10,354643,87976,49816,34172,41130,62161,5549,56572,47636,48743,53108,75332
2013-12-03,344451,76787,48572,63164,39260,59272,5752,58292,42304,25468,45806,69734
2013-11-26,331131,68507,52151,61584,39307,57638,5666,61237,35747,22598,42985,67562
2013-11-19,316727,76225,43975,58107,38958,57978,6142,45666,43068,21459,42272,63859
2013-11-12,313762,76689,39813,60482,38619,55972,6166,37059,42381,23972,42802,65346
2013-11-05,354559,89844,36222,71239,39211,55852,6191,30050,71353,28643,55919,57941
2013-10-29,381272,119109,35759,68548,38803,50638,7228,38027,108054,18918,58470,64459
2013-10-22,372098,121028,39731,62783,38669,48749,7116,37335,103167,17718,57629,64569
2013-10-15,327527,112846,32122,51673,38028,55034,5254,24230,82710,17500,49223,56887
2013-10-08,332868,120417,29359,51358,37391,59425,5071,21338,86212,17025,51947,57206
2013-10-01,337731,118161,29321,58576,36391,58555,6781,17762,82096,17979,51108,56561
2013-09-24,324314,121400,34682,47549,36586,60954,6878,17190,78713,14332,52172,54767
2013-09-17,276717,91256,43665,41728,36048,63416,5801,20831,31078,12542,43774,57366
2013-09-10,311687,64078,46975,55320,35156,63540,5506,38588,27155,34927,46964,61252
2013-09-03,324428,79985,51086,61003,35288,68197,5658,34421,30470,27746,45630,60018
2013-08-27,324037,95059,44587,52850,35267,67502,5571,25937,49442,20806,55059,61979
2013-08-20,321707,95443,48808,49200,36090,66106,5684,27626,44450,19171,57032,65501
2013-08-13,288525,72678,45552,43903,36487,64115,5264,35449,26264,14921,49431,65675
2013-08-06,303367,67116,53565,49982,36470,60962,6187,45388,25955,16318,51489,66369
2013-07-30,297260,60033,60307,49021,37101,60436,6257,49921,16008,15588,47483,66360
2013-07-23,285771,49650,67388,42719,36906,59159,5803,61744,12650,13116,45800,62412
2013-07-16,283165,44969,66961,41208,35569,57068,5474,74793,12624,12259,38986,66158
2013-07-09,286356,44949,69390,40786,34632,56086,4866,75409,13199,10121,48325,70417
2013-07-02,261718,48803,49319,44246,33013,55899,5110,44175,14886,11930,49028,59822
2013-06-25,270757,76275,48149,41306,32381,57010,5439,27217,33180,10545,53775,55553
2013-06-18,266146,77518,50951,34627,33008,53828,5562,27575,26769,10224,56536,64634
2013-06-11,306795,60210,59188,43427,35300,53877,6143,41444,31369,27301,51443,68886
2013-06-04,306937,35068,74277,49825,35514,53888,5084,71688,15790,16453,46032,67992
2013-05-28,332869,37150,102126,46735,37023,52881,5437,94399,12772,14408,46993,73521
2013-05-21,331122,41221,106509,44732,37081,49455,5454,92552,12930,14796,45682,73672
2013-05-14,288467,46497,81525,37569,28568,49489,5759,67800,13436,12828,46015,66501
2013-05-07,260689,45031,69184,31012,28838,46590,8127,50833,16558,11667,45722,59836
2013-04-30,277809,47472,68679,35133,28756,48640,9473,56393,19002,13068,51417,60400
2013-04-23,277463,38436,64136,36993,28630,51246,9747,69333,16113,14268,44033,61088
2013-04-16,264248,37914,59911,31875,29242,52699,9508,65274,13880,12475,43522,61488
2013-04-09,263981,22667,71024,27879,29608,51719,9173,87810,11844,10521,42106,62912
2013-04-02,302966,34914,87521,39905,29519,48825,9610,93105,10979,14197,44791,63690
2013-03-26,266689,29002,70567,37775,29866,40312,9093,67869,13009,11861,46735,59272
2013-03-19,251117,36446,71294,33365,30633,34406,8905,53812,10697,11165,45341,57462
2013-03-12,252511,44002,66338,28693,37184,31084,4607,47046,23956,16302,48398,59375
2013-03-05,288046,48445,70765,41972,38426,30686,7542,52285,34283,18720,50155,60493
2013-02-26,300988,65173,66824,40798,43621,31681,10007,37224,58098,17416,58823,54278
2013-02-19,282781,66384,51362,29045,49553,29162,7377,30717,76690,13886,62442,56839
2013-02-12,286854,72038,51753,27145,49662,29435,7604,32929,86387,11995,60941,54297
2013-02-05,325352,77135,49107,44400,52004,29906,7540,34219,91231,16081,65871,66954
2013-01-29,294272,73487,56508,34994,49197,30727,5912,31366,76446,11102,63354,61889
2013-01-22,260817,66371,50462,26859,44558,31913,5834,25162,63375,9944,59039,56359
2013-01-15,255620,65833,58336,25332,42162,35109,5982,24723,45251,10822,60810,56778
2013-01-08,227030,55338,58842,18082,42228,36973,5534,25946,28081,8220,52149,55048
2012-12-31,251780,64970,57611,24098,44907,36667,11392,19843,42907,9799,55664,53317
2012-12-24,245600,59867,58829,22636,44831,37122,11115,19717,36800,9681,57057,53514
2012-12-18,234364,54396,59919,20600,45300,36707,11108,19734,23283,8739,53316,55897
2012-12-11,271500,35676,65276,23163,44777,39864,8245,56089,45713,18076,50704,55781
2012-12-04,280122,26475,68378,34079,46404,40216,10067,61616,28667,14734,51367,63202
2012-11-27,257251,18156,80744,25657,44897,43630,6994,75006,10803,9789,44803,60325
2012-11-20,272749,24085,104469,23346,45871,41111,5067,88363,8391,9743,41764,61613
2012-11-13,271189,27464,103309,22654,47648,40678,5719,78234,8753,9518,44321,62994
2012-11-06,275317,27702,90832,27309,51354,42381,5476,73197,16933,10925,42127,63219
2012-10-30,264788,23040,81640,23931,52593,39873,4930,68959,24117,10971,45235,63920
2012-10-23,260177,23284,81198,23794,53665,38956,4980,62209,23393,11863,46097,62327
2012-10-16,262421,28023,83422,23711,50109,39263,6787,60187,20973,11955,47099,63996
2012-10-09,267868,26655,99413,23098,47838,38465,6964,68707,18115,11368,46063,57068
2012-10-02,273402,35786,89004,33109,46337,38620,8170,54164,13994,15090,47248,59416
2012-09-25,271670,42816,93647,30920,42559,39212,8791,57113,12513,12250,48029,59642
2012-09-18,286380,38517,106201,27835,40598,39942,9158,81025,7459,11147,47301,64551
2012-09-11,373921,72066,122848,38010,34005,39508,9779,89401,57137,19368,46972,70090
2012-09-04,369054,75943,130312,35872,31247,43845,10384,89480,43155,14594,43547,69680
2012-08-28,364513,75902,130768,34075,31737,41951,10366,90105,41819,12287,42924,72565
2012-08-21,369103,76578,154617,31397,31196,39204,9934,95412,31011,10988,44934,71289
2012-08-14,368111,75367,164184,29554,32073,41021,9694,103407,22541,9710,38927,70657
2012-08-07,363073,78709,161611,26775,31398,38242,9193,100730,25235,9127,39104,73325
2012-07-31,371166,73205,166185,37011,30848,37681,9802,98798,13056,13535,38836,73922
2012-07-24,390696,73837,183368,36233,30192,39621,9764,113732,10251,11445,40544,77664
2012-07-17,371186,67533,187180,26308,32333,39094,6789,121729,9312,11275,40359,77485
2012-07-10,375187,72996,192949,25446,39628,38279,4953,113801,7781,10582,41530,79181
2012-07-03,349916,62335,161866,28237,49580,37721,4507,92735,14059,13884,36685,72704
2012-06-26,371622,61564,185086,30096,48509,38063,5214,108680,6714,12965,38182,76368
2012-06-19,361083,68744,182334,27267,37427,37954,5166,107968,8924,11777,36381,72663
2012-06-12,476459,78171,217706,64179,31410,42712,11338,170725,17456,24384,36950,76824
2012-06-05,497323,74015,234901,56567,30017,44290,12991,195519,16783,20915,41737,85147
2012-05-29,484430,75702,227928,51339,27218,44003,15313,185971,16896,18780,42521,85445
2012-05-22,444126,69194,215870,39067,27058,43357,12605,179602,16147,13908,38775,82540
2012-05-15,420524,73613,195320,35978,28667,47464,11031,159208,13478,12005,36845,83880
2012-05-08,364655,60021,165290,26333,27108,48089,8280,137277,12622,9664,35419,76270
2012-05-01,321316,48601,127395,28145,27633,46411,7430,154023,11447,11729,33953,73258
2012-04-24,331121,49628,132731,28437,26607,47480,7982,164011,11277,11654,33245,72163
2012-04-17,341477,53089,141928,30154,27122,47880,8567,170669,13575,10948,31028,70958
2012-04-10,319203,46156,128192,28289,27496,33496,18598,144416,12985,10086,33672,71920
2012-04-03,287816,37491,103955,30237,32942,30579,14124,116616,17286,10723,36534,63879
2012-03-27,284400,30053,110630,28839,39065,30917,7931,121821,13541,9719,38803,65744
2012-03-20,301280,47947,122507,27198,44805,31009,4584,124422,23589,9528,33560,66294
2012-03-13,352838,61138,129256,39230,45699,29593,5327,128034,39390,16032,47397,78427
2012-03-06,343172,57067,121742,40011,55793,29628,5211,115792,42849,20278,38361,65638
2012-02-28,322823,51816,118395,36711,63921,31781,4704,105238,37665,12103,39596,66367
2012-02-21,332546,49904,141419,29544,64160,30817,4194,126328,32892,11914,37635,68866
2012-02-14,334469,51896,147996,27093,65412,32346,4325,127483,34383,11629,36471,65254
2012-02-07,325847,59889,144725,22127,60912,31126,4354,124183,36143,9071,36356,64706
2012-01-31,355550,69251,159826,31348,57551,32163,4812,133548,34710,12712,36165,66569
2012-01-24,361868,70211,171938,29059,53623,33070,5341,144528,31454,11741,37607,67433
2012-01-17,350074,67671,154130,31858,52261,34984,5113,135937,30937,10389,37315,66596
2012-01-10,335731,69172,153291,26398,50547,33669,5058,131730,26743,8133,35003,63898
2012-01-03,329463,66752,148587,29292,47953,32860,4828,120145,24848,9604,31938,61776
2011-12-27,318711,58399,143125,26523,49678,34656,4879,122903,24930,8874,29015,60163
2011-12-20,308858,50620,134396,26140,51326,35481,4426,118887,22219,8196,30998,62415
2011-12-13,366747,77630,123885,41480,50847,35398,6074,109144,55207,24704,36388,65490
2011-12-06,339915,65278,99143,38479,56380,33875,5012,99443,59636,20205,34022,64504
2011-11-29,334219,68813,102661,36597,64431,33675,3438,100482,56896,13408,35136,71434
2011-11-22,307309,61767,85529,30828,48337,34181,9512,97032,46373,11817,36531,72353
2011-11-15,291503,58582,81856,28513,42807,33643,9689,92627,38844,10877,37796,72601
2011-11-08,270208,51628,61812,24718,41872,34342,9206,85672,49135,9052,37934,66797
2011-11-01,289306,47962,72800,35944,39110,35527,10091,89309,41390,13023,40108,63675
2011-10-25,283313,51748,86136,29208,37908,35740,8307,98346,30244,11314,36829,69071
2011-10-18,277258,54536,83457,28915,30740,38741,8540,98626,23776,10424,35181,68329
2011-10-11,266323,50633,78287,26654,26832,39925,5653,98495,24522,9941,39612,69457
2011-10-04,294371,52907,90575,42197,29378,45398,3352,99532,14490,17143,39734,68301
2011-09-27,271955,44350,88741,35209,28152,38966,2719,99303,10616,13447,39874,68159
2011-09-20,250477,36520,84936,30200,30439,34626,2330,91878,7949,12505,37570,64405
2011-09-13,311668,63641,72296,32032,32325,34710,1783,77169,35119,49561,46745,74092
2011-09-06,272472,54610,59898,40548,32752,31310,2335,51676,34834,26963,51282,62827
2011-08-30,228404,43864,37916,33889,31446,29538,1704,35020,43173,16125,55596,54867
2011-08-23,223232,43097,36848,32065,25519,32993,1899,35133,39853,16265,51986,51065
2011-08-16,215211,41848,35765,30772,24748,32620,1675,34287,36470,14625,49898,51246
2011-08-09,223641,49437,46771,23572,24514,36199,1925,42072,36471,12134,51135,49346
2011-08-02,237941,42729,58357,26962,27023,31661,2612,46496,45153,13702,51303,48242
2011-07-26,226414,41003,47970,24115,29670,27354,2026,36577,52326,13509,54560,49663
2011-07-19,222163,34362,54375,22371,30563,27057,1975,46149,39793,12454,48192,52233
2011-07-12,224784,46306,58928,19858,31564,26668,2452,35792,41262,10970,57904,54909
2011-07-05,237636,63988,47253,22662,30152,27513,2655,23307,64871,13014,61189,49435
2011-06-28,227458,52654,42069,22332,32023,28729,2792,22665,53677,13836,60417,51738
2011-06-21,230113,57538,44898,20524,32463,26921,2621,27001,57390,11221,58225,49185
2011-06-14,224792,68175,42521,16649,31352,26738,2150,17305,70984,8741,60591,47560
2011-06-07,326041,70906,63434,18989,34324,24209,2422,87205,121392,24144,68064,62952
2011-05-31,319959,53821,60652,29429,34188,24802,2805,104061,112409,15716,55956,52349
2011-05-24,309166,50265,59537,27073,34669,24503,3041,100207,108654,15881,54219,51410
2011-05-17,297055,59336,52421,24255,32988,24200,2840,75340,110198,14570,58584,49898
2011-05-10,283522,67102,45039,20328,31839,23384,2746,53955,117877,13443,65601,49383
2011-05-03,331164,99932,48419,34757,32365,22096,2672,38460,134793,16731,75767,56154
2011-04-26,303386,79007,41152,25940,31626,21050,2689,45401,116950,15037,73179,56948
2011-04-19,284984,74986,39074,20256,31277,20557,2833,43212,112257,13514,68812,52678
2011-04-12,278862,78292,36989,18119,29756,22832,2708,38874,110232,11809,70583,56708
2011-04-05,284507,74809,37070,25268,28705,19381,3529,36332,102847,16133,69504,56539
2011-03-29,263479,72464,34113,23874,27742,19657,3003,24234,94461,16382,65032,51834
2011-03-22,240256,59512,27517,23711,27859,18871,2991,19348,77806,14802,61889,54132
2011-03-15,228442,61480,35434,17740,29447,18717,2696,10063,73407,13170,62634,47087
2011-03-08,296143,70436,40845,25505,29619,18008,3559,37244,104425,31912,65741,54621
2011-03-01,271193,61942,34492,29699,28330,19153,3378,27924,83110,22393,67534,58694
2011-02-22,258437,58152,39658,27597,30158,19713,2387,27055,76424,21660,62620,57496
2011-02-15,240633,48251,31286,23715,27893,18724,2511,27065,69574,19309,62371,54497
2011-02-08,246319,56052,33639,21646,25830,19173,2751,27878,75790,19060,64513,54795
2011-02-01,279549,60241,34706,32671,25677,18934,2783,32229,67442,27552,68823,69952
2011-01-25,254117,49586,43910,26172,21592,19593,3087,37238,52322,20733,66167,67250
2011-01-18,234097,42762,60096,21472,21364,22162,3206,40525,30716,17871,58632,60728
2011-01-11,245906,24463,76927,19334,22319,23154,3363,85148,22352,14823,53333,60381
2011-01-04,213418,18821,54794,25417,22275,22530,3266,52739,17229,16475,51146,53750
2010-12-28,215097,15628,59973,25563,22300,22578,3095,56958,17462,15445,53085,54539
2010-12-21,209591,22682,50862,25601,22488,23325,3020,43197,18386,16511,53584,53633
2010-12-14,187398,16464,45155,19158,23492,23291,2648,41135,15216,13650,51760,55909
2010-12-07,236446,17736,49000,22721,23282,22958,2673,69832,36551,30626,51050,59643
2010-11-30,292460,33027,46863,41791,26106,24119,3168,59869,54315,32410,68127,61214
2010-11-23,254002,21231,47325,32797,25153,21793,2604,59796,54391,25957,58212,47338
2010-11-16,256367,32792,43164,31038,24727,20542,2802,51872,65964,23752,62683,53635
2010-11-09,259664,34464,40810,29703,26480,17505,2766,51329,84360,20754,65632,52140
2010-11-02,285225,43736,34211,39083,25664,19916,2150,53820,87984,29087,65000,57239
2010-10-26,281868,45310,29147,36797,23935,21192,2301,56022,97839,26661,63287,54824
2010-10-19,288068,48954,25145,33674,23809,23188,2284,57402,111172,24306,68929,54514
2010-10-12,261803,43218,27591,31517,23364,24249,2363,55147,86364,22184,58399,54048
2010-10-05,295326,43090,26809,48056,24553,27797,3384,55225,80965,30954,63935,62418
2010-09-28,268832,47551,35224,36449,23711,28985,3320,46880,70850,25340,61197,57947
2010-09-21,222412,31722,44777,25584,23432,29844,3395,45828,36618,17635,54382,55675
2010-09-14,215149,34343,59747,19188,24079,30604,3320,49597,23292,15443,52132,54107
2010-09-07,296139,29942,70003,18585,23734,28125,3302,120856,77645,21265,58613,64489
2010-08-31,306496,30356,62891,37197,22981,28804,2994,113819,72452,29177,52442,57204
2010-08-24,310837,26728,63460,35955,22558,28341,3175,117250,79063,28357,55915,58367
2010-08-17,306755,32170,62062,31371,22798,25032,2961,113738,88319,25818,57361,56775
2010-08-10,290287,25305,47179,34810,22769,22445,3136,114323,90479,22354,49951,53384
2010-08-03,318552,19405,57182,50232,20280,23952,3404,122292,73471,30951,53670,63159
2010-07-27,299001,25807,67908,37454,19448,22450,3294,116109,62681,30630,49548,60935
2010-07-20,291987,24443,70379,34544,20577,23971,3410,115680,58960,28023,48671,60222
2010-07-13,277596,27113,72121,26949,19566,23907,3839,108020,54734,24939,50161,60114
2010-07-06,308580,29716,77703,46187,19500,27122,4128,106897,46500,32667,54049,61583
2010-06-29,302735,25334,103839,44525,20305,29683,3437,114452,20615,33827,47875,58765
2010-06-22,297240,22914,102568,40966,19890,31047,3130,116106,17874,32662,49488,61205
2010-06-15,299997,29314,99986,42765,20402,31037,2785,112754,20927,30512,48964,63838
2010-06-08,384422,28950,133872,54756,20309,30077,3663,153874,45310,46645,57552,57460
2010-06-01,406070,25689,119565,81499,21242,30081,4291,144517,42929,47826,61875,65753
2010-05-25,409675,28534,134446,78340,20154,28359,4074,155488,40890,45811,56616,67716
2010-05-18,431261,41483,142148,78299,19205,31785,3859,159704,47378,44316,60991,72457
2010-05-11,380305,24140,137840,53144,20323,29957,3617,168930,39481,34988,56846,66850
2010-05-04,359421,22207,121227,55153,19979,27502,3900,146600,33709,32198,55867,64249
2010-04-27,313219,22718,108278,44324,17342,27734,3610,127627,26991,25295,51533,59802
2010-04-20,259415,21497,92726,28624,16144,29273,3129,105245,19829,19243,47571,52624
2010-04-13,248451,17233,87616,27270,15549,28261,3148,107181,15097,17328,44578,57448
2010-04-06,271352,19540,96480,35624,16648,26454,3378,108331,15646,23643,45613,55409
2010-03-30,280525,10594,115225,33631,15023,26351,3115,133867,12007,20210,44788,57553
2010-03-23,239208,20150,100857,23945,15595,25043,2501,96548,12664,15040,45671,52951
2010-03-16,199309,18612,80192,18602,14181,24642,2418,72804,9437,12981,41965,47167
2010-03-09,280092,18112,92297,23260,14431,23920,2151,126352,45162,39735,42868,49938
2010-03-02,282455,16652,81235,37888,14748,24623,4896,116400,45137,26357,52174,56074
2010-02-23,273086,17880,85306,35133,14355,22552,5001,116316,41467,24367,45782,52673
2010-02-16,246958,13660,72810,27301,13176,20448,4407,107951,42943,19663,47663,52131
2010-02-09,243407,15374,77684,22155,12229,20376,3849,110392,41202,17734,48076,54368
2010-02-02,238531,14058,63842,26278,18795,17802,4184,91654,47258,18361,51239,53338
2010-01-26,226485,16627,61489,21134,18490,19442,3630,87657,47840,16407,49438,50884
2010-01-19,195009,16508,51609,15204,19765,20128,2650,62680,42087,12483,52625,48212
2010-01-12,187577,22149,43730,13686,19072,19656,2490,55955,47349,13744,49769,44932
2010-01-05,196272,22630,64196,21261,20591,16994,3332,55192,32709,15352,48114,40559
2009-12-29,183762,17770,60930,20492,21011,16043,3298,49337,28943,14076,48615,38572
2009-12-22,175705,25163,49304,18771,20345,15574,3458,29853,35799,14471,55165,36944
2009-12-15,159718,26401,46752,13709,21392,17926,2921,21877,31125,10149,54768,35767
2009-12-08,200132,33322,35130,14667,20027,16504,2503,54990,83286,12316,50602,32413
2009-12-01,208807,53656,27686,16387,21143,16627,2196,28929,88161,15743,59777,38561
2009-11-24,205199,54756,30799,15095,21235,17338,2331,30976,83293,15197,54843,37491
2009-11-17,201236,46980,34105,12825,20640,18243,2660,32887,76454,13142,61004,41207
2009-11-09,191606,49672,24241,11944,20348,18058,2467,24151,76327,15278,58129,39880
2009-11-03,196144,43932,23350,18106,19861,17954,3266,27077,77522,15702,57965,37649
2009-10-27,193076,47653,19847,14513,19707,18049,2366,25066,85057,13700,60733,36957
2009-10-20,194143,61107,23674,11747,19671,18657,2238,21389,84097,11157,58142,39347
2009-10-13,185656,63187,18881,7722,19130,18659,2287,12235,87582,10053,59788,37881
2009-10-06,194508,67861,16589,9877,18723,18631,2461,14570,97026,11563,58668,35602
2009-09-29,189513,56386,17845,10367,21017,18319,3251,16960,85844,11863,59209,37252
2009-09-22,186276,60214,17901,10382,20385,19243,2761,14439,83641,10412,58420,38243
2009-09-15,176512,58577,16615,7763,19553,18728,2606,9085,81414,8341,62864,38420
2009-09-08,166850,41691,25633,7717,18571,18657,3113,15569,59406,15431,55404,33713
2009-09-01,148946,29463,22136,9449,18927,17317,2378,17475,50068,11816,50535,33922
2009-08-25,149109,32979,22426,9427,17534,17056,2514,12811,49552,13000,52300,32685
2009-08-18,145564,22206,26882,7605,16903,17718,2185,22917,38512,11168,55006,39482
2009-08-11,148227,31599,17072,7195,17383,18685,2282,11082,49493,10660,59741,40836
2009-08-04,163964,46882,19846,10759,17033,17876,2305,9698,61539,12755,56822,36259
2009-07-28,156301,42122,21442,8051,17131,19197,2206,8260,53097,11608,56700,38814
2009-07-21,163695,49178,19239,8606,18103,18897,2118,9410,65382,11901,54637,35475
2009-07-14,132974,26989,18382,7096,16236,19806,2659,8712,38161,11039,49456,34021
2009-07-07,139503,27225,26410,6507,17062,20782,2464,14837,35777,9569,51140,35734
2009-06-30,136583,25308,17033,9909,17149,21612,2269,15721,36344,11284,43622,36221
2009-06-23,141578,28646,16951,10190,15973,22427,2461,18343,38445,9486,46732,38288
2009-06-16,125473,20560,15456,8149,16190,19212,2949,13456,36130,8190,45143,33674
2009-06-09,169146,33032,25354,9042,18365,14520,7621,33879,70456,10986,46389,29410
2009-06-02,192023,32197,25419,19523,20081,18308,5049,35797,61622,17846,53131,39972
2009-05-26,169624,26218,17722,16176,16036,19453,3165,32857,56343,14041,51748,36931
2009-05-19,147374,22280,16337,10227,15740,19868,3098,32548,49534,10794,43946,33546
2009-05-12,145677,17832,17294,10085,15057,19689,3139,31395,45151,10507,45812,35876
2009-05-05,134289,12429,17631,11122,14404,19018,3420,32079,32688,11810,39450,34788
2009-04-28,130045,10311,21345,10302,13861,19805,3162,36393,24170,10661,37810,37221
2009-04-21,127751,12600,20277,10320,12899,19791,2848,32472,26236,10436,38153,34401
2009-04-14,128393,16039,16022,9404,13345,20399,2798,28930,38123,9989,40037,28641
2009-04-07,133754,20169,16551,9446,13212,21235,2754,26234,41669,9819,43825,29265
2009-03-31,133587,15245,16569,14014,11793,23088,2673,24939,27265,12998,44476,33683
2009-03-24,141901,22327,22749,13484,13177,24017,2834,23131,28145,13124,44944,34557
2009-03-17,129460,19843,29597,8361,11014,25539,2306,28769,15238,7583,42482,35846
2009-03-10,197911,16406,38282,8367,11419,49276,2356,82644,43037,16959,42272,37036
2009-03-03,220867,13033,47819,15336,11388,49296,2379,91853,40840,21853,41330,41512
2009-02-24,200210,11404,35822,14239,12709,50159,2499,79846,40136,17618,40863,38312
2009-02-17,193752,13477,41990,14279,12787,39367,2020,70044,37964,16114,41639,40678
2009-02-10,181499,20643,30432,13930,12839,38824,2014,52568,38138,14934,43354,39936
2009-02-03,182451,15882,28099,19049,13206,36686,1948,52628,40996,17170,41547,35965
2009-01-27,169040,17181,23664,17826,12966,30650,1938,45650,41301,15771,39061,35746
2009-01-20,168645,11882,25361,17803,12678,24658,1937,44934,38872,17090,45345,42457
2009-01-13,150709,11616,23124,15783,18477,18915,2821,28732,40856,14907,43269,33822
2009-01-06,160493,17590,23677,20104,24527,18018,2978,21233,48829,14843,46114,31487
2008-12-30,156571,17647,21076,19477,25457,20281,2549,22251,45854,14576,41271,31626
2008-12-22,153021,15331,19986,19353,24360,20233,2635,23110,46374,12942,40751,30639
2008-12-16,148707,16131,22241,14737,12224,21235,2265,25265,39380,11008,43484,35268
2008-12-09,198033,21197,18826,10540,8662,21353,4643,44584,47818,37566,57990,49122
2008-12-02,233126,22528,20161,36619,9590,19390,5737,52056,47783,43814,53074,51696
2008-11-25,229814,19509,17621,34902,9373,21043,5775,51863,44796,42527,56472,55910
2008-11-18,221870,14512,23584,34807,8647,20805,5996,59139,32445,37202,51546,57841
2008-11-11,225955,14817,22660,34126,8324,20403,5764,61947,32999,37390,53456,62984
2008-11-04,241076,16861,20229,44493,7766,28821,3620,57141,32687,42302,57969,63139
2008-10-28,266083,17418,23203,45570,7674,38776,2917,64698,27056,44741,72244,75034
2008-10-21,242605,14138,25628,34944,8415,33688,2767,57508,26982,40780,68414,71363
2008-10-14,226156,14855,28062,30678,11405,39831,2189,53957,24954,34218,51166,57743
2008-10-07,226756,19453,27087,28426,12199,40423,2162,47637,24192,36336,56797,59857
2008-09-30,233352,12907,31103,38096,12625,39240,2096,53320,17206,35577,56109,59532
2008-09-23,202651,17817,38292,30124,16678,39490,2224,52276,16393,20218,42874,44038
2008-09-16,192925,14016,47769,30695,15412,25718,2417,46035,10294,18549,40591,43727
2008-09-09,226974,22831,37356,26043,15049,25545,2579,51808,36718,35307,49916,48597
2008-09-02,225688,24860,48968,31723,16873,23803,2328,60828,29044,28667,47127,51393
2008-08-26,211514,23548,40509,29948,16011,24143,2244,55664,24635,24511,49770,52120
2008-08-19,206154,26521,33254,26351,15338,23667,2235,42927,23767,21975,61126,61357
2008-08-12,195810,25493,33812,22005,17103,26122,2507,41173,24004,20760,55728,53867
2008-08-05,214661,40056,34387,28956,17500,27703,2285,43248,39583,19818,49320,53644
2008-07-29,193533,34025,36932,23430,17437,27429,2353,40112,27433,16128,46459,49983
2008-07-22,211204,56167,31955,20350,18056,27083,2296,34819,51777,16889,49219,49467
2008-07-15,224460,66468,30084,21073,19968,27365,2488,31918,67868,17270,53073,46259
2008-07-08,209122,59716,25818,16258,19962,28350,2712,32453,59779,14393,50819,50676
2008-07-01,224111,66802,29264,23380,19429,27629,2815,32183,59493,17627,51468,50131
2008-06-24,182408,37734,28220,19347,18714,27701,3070,34202,35483,12252,52325,44634
2008-06-17,167104,31793,30961,17820,18390,26580,3388,27357,17218,11902,52801,48460
2008-06-10,284814,38029,43693,15222,19673,25927,11850,108719,85773,43545,41761,47986
2008-06-03,277153,35329,47825,24846,19587,26230,3550,112793,79839,24401,47701,58432
2008-05-27,264672,39140,40762,23740,20901,23834,2390,96107,88147,22253,49765,47748
2008-05-20,254150,46559,42750,24155,20154,23411,2643,82946,79388,21671,48237,48119
2008-05-13,247005,32673,44922,22848,19883,22824,2588,94477,73061,21302,45785,46490
2008-05-06,260908,33441,47866,34663,19475,22522,2870,85928,67541,25776,49884,48681
2008-04-29,243994,27336,47852,28734,21332,21552,2882,82545,52241,24198,50342,55728
2008-04-22,232112,57377,44068,29643,21303,21163,2468,31127,39877,24974,57398,57193
2008-04-15,219285,56514,43716,25556,20039,19817,2466,33440,43756,21054,52963,51994
2008-04-08,213870,63464,43102,23210,20673,19224,2403,28739,48370,18868,48709,49629
2008-04-01,223018,58308,44799,32316,21103,20542,2033,25865,37305,24122,52870,52133
2008-03-25,215811,70522,49859,30540,20889,19970,2083,20755,38209,18375,47325,46858
2008-03-18,211720,53521,58816,26286,21004,19594,2572,31788,23926,17097,52632,51261
2008-03-11,278036,56836,55055,18590,20577,18112,3139,66311,64904,60560,46540,44995
2008-03-04,277684,53219,46539,25765,19930,18125,2902,71969,80495,41397,55982,52935
2008-02-26,253686,56103,39282,18224,17631,19930,3236,66623,80573,31283,55022,51720
2008-02-19,238542,40845,42431,14898,19222,17464,3306,79942,74516,27409,49062,47900
2008-02-12,236751,32322,42707,15652,20285,16642,3559,80713,73911,28075,50703,47807
2008-02-05,237690,42632,38555,21853,19721,17810,3334,55747,72353,30762,55773,46111
2008-01-29,222601,43168,38323,20749,21454,17150,3127,50640,70495,26128,49945,40642
2008-01-22,217907,41940,40600,18083,21300,17962,3729,43937,62582,21524,58948,47737
2008-01-15,205982,53284,35358,14698,24685,18007,3555,26421,71343,15670,55952,42903
2008-01-08,203937,60180,38554,12394,23382,14371,3740,26069,78065,13625,54617,39921
2007-12-31,199270,47733,37093,15862,19869,13656,4209,40226,66752,15057,49685,43326
2007-12-24,188097,47414,32653,16423,18381,13424,4561,35191,67663,11727,47737,36641
2007-12-18,179070,45907,24352,15318,19237,13047,4316,24702,66082,10762,51865,38824
2007-12-11,284503,61097,19497,13847,26144,18114,3333,57900,125840,56792,54002,43071
2007-12-04,288487,69648,17008,26321,22917,20325,3069,54605,121876,41480,61177,51046
2007-11-27,276825,64706,18036,25448,23519,25421,2938,57091,115173,30312,60935,51400
2007-11-20,277768,66683,28120,27026,23854,26540,2487,58266,111132,25026,63562,52561
2007-11-13,262206,64287,26324,22792,24195,23525,2840,54169,111512,21981,61262,47064
2007-11-06,273859,75708,23462,30868,24237,24990,2235,37995,110983,24927,65894,50707
2007-10-30,247653,70294,22000,23060,25377,24373,2527,30358,99087,21829,62392,48793
2007-10-23,236958,69636,20559,22087,24931,24588,2380,25537,92092,22286,59920,47280
2007-10-16,242832,83162,19002,18783,25459,24449,2552,19876,111289,19679,61805,42335
2007-10-09,235104,89501,17059,13606,24772,23305,2360,12588,111959,16770,62899,42388
2007-10-02,257763,104385,22567,19489,24821,22275,2538,13083,120008,18122,62506,46958
2007-09-25,246858,89950,22357,17108,24940,21831,2963,19395,112910,17183,60131,46055
2007-09-18,232512,96323,12911,13638,25028,20641,3126,13055,130408,10640,57805,34805
2007-09-11,258427,59342,16898,12414,25212,19481,3466,63338,135634,28506,56081,35431
2007-09-04,259089,50272,19468,19110,24839,19817,2653,78237,131206,18836,54267,36865
2007-08-28,256958,44621,19553,20603,24127,19916,2739,87307,126329,20074,47789,36627
2007-08-21,251324,42893,20963,20880,24463,19314,2577,76200,125059,21028,53601,32258
2007-08-14,252741,61189,13665,18096,24892,20740,2670,58493,133534,18423,58353,35826
2007-08-07,256325,82503,20773,14322,24306,20116,3138,41970,135431,16219,64275,37570
2007-07-31,248080,73326,13475,15168,24247,20905,3267,40985,129817,17233,64313,38483
2007-07-24,259580,94846,10037,16068,24877,21421,3892,20377,142434,16934,70227,39107
2007-07-17,251375,91384,10135,13448,26572,20676,4001,19256,141509,14690,69614,38804
2007-07-10,250707,93081,17398,12237,28043,20178,3566,19013,131305,14960,69604,44413
2007-07-03,227524,66914,16598,14515,27554,17633,3928,23639,113901,14053,67477,39155
2007-06-26,211559,58375,22317,12261,28154,15990,4270,32682,98278,12435,56081,38137
2007-06-19,208623,51557,32109,11434,28539,16610,4290,43245,89587,8351,54934,35822
2007-06-12,251609,55000,36219,11318,29684,18112,5533,43661,92137,33339,65216,45807
2007-06-05,254389,78061,19265,21225,30812,20237,4015,24977,112647,21920,65353,46225
2007-05-29,250968,84849,18652,20064,30201,20245,3872,23045,124165,17710,62928,39688
2007-05-22,255858,87546,22513,19399,29970,20165,3616,25599,120053,19814,60433,44464
2007-05-15,272350,109565,18671,18640,28747,20355,3197,16575,141217,19918,64645,43870
2007-05-08,256528,93502,15788,17775,29016,19508,3189,15800,132369,20218,66167,41767
2007-05-01,278271,97458,12662,22576,28879,19353,2830,14004,141608,24033,73396,47517
2007-04-24,270865,100648,15808,19560,26036,17990,2834,14390,139771,20697,72800,47253
2007-04-17,251975,91103,11167,17056,24442,17336,3189,15209,138430,16895,69752,42181
2007-04-10,238898,93437,8831,13581,23575,17051,3195,14566,136630,13186,66485,41434
2007-04-03,231632,82657,7497,19361,21593,14754,2660,15189,129953,14198,65978,37122
2007-03-27,225554,79073,10618,17695,21153,15124,2818,17521,119876,14450,61626,37712
2007-03-20,212660,71563,6400,15479,21194,16151,2814,18476,120734,12100,61991,34305
2007-03-13,239563,70926,7961,13764,22021,13963,3239,32692,131744,27087,60590,33565
2007-03-06,232143,63378,7604,19680,21485,14467,3406,39162,135662,15256,60182,32636
2007-02-27,255552,79655,9255,19538,22898,13315,3600,34284,151440,14431,67088,39684
2007-02-20,230785,70934,7787,17304,23641,12551,2894,31780,140018,10574,60101,36428
2007-02-13,211628,62251,12858,15415,22353,12197,2951,31221,120780,9382,58277,36127
2007-02-06,213125,35038,18295,15667,22872,10980,2891,54354,107961,11455,59941,39509
2007-01-30,203153,45649,13246,14945,24191,9981,2663,35433,104382,10525,58429,42071
2007-01-23,197434,39722,10343,13652,24821,9511,2624,30977,101635,10980,60698,40833
2007-01-16,190188,33071,9359,12638,23981,7387,2953,26488,99083,8404,69691,44470
2007-01-09,205308,56195,10100,10176,23645,7911,2949,28833,126520,6947,65456,34991
2007-01-03,221982,63179,11375,13649,22775,9404,2766,24975,126789,12046,69446,37200
2006-12-26,216185,69865,10589,13248,21462,9224,2831,20973,134699,8778,67356,30942
2006-12-19,226594,77743,8739,13149,20810,10182,2905,21614,139165,9207,68287,36323
2006-12-12,264790,82207,8248,13774,20010,6836,3231,27520,148970,31140,73940,43576
2006-12-05,283216,76002,13715,31094,21673,4980,5873,33770,140964,27235,76271,50587
2006-11-28,257426,67644,12726,26967,23573,2212,4592,29519,128309,22316,70033,54752
2006-11-21,204445,57088,8019,13742,21390,3721,3212,26018,118223,13279,62214,38433
2006-11-14,195647,55709,9242,12821,21620,4012,3662,19851,108468,13303,62074,39425
2006-11-07,199717,68124,12817,11807,21998,4290,3227,15927,113184,13084,58775,35018
2006-10-31,187326,55449,13694,13610,23419,4294,4048,13118,93609,14130,55945,39452
2006-10-24,182181,40710,36230,11899,24035,5216,3240,30979,64891,9165,53040,47755
2006-10-17,178241,41202,33775,11405,23125,4641,3270,25379,65482,9057,56353,47249
2006-10-10,172274,41585,28543,10114,21592,5602,3566,17800,68659,9235,58031,43224
2006-10-03,163759,49740,12186,9310,19907,6666,3366,10250,82680,9771,52800,36618
2006-09-26,159111,43132,11783,8338,19953,7662,3357,11333,82052,8514,56264,35411
2006-09-19,150897,46668,13156,7769,19127,9552,3373,9678,69959,6136,51627,37881
2006-09-12,185640,61071,11146,7156,18623,10035,3748,13368,94124,16836,58751,40543
2006-09-05,198470,58712,8431,12285,17115,10746,5262,17573,108029,14292,63636,34903
2006-08-29,197787,61824,7439,10860,16596,12312,5166,17787,107036,13989,62262,37953
2006-08-22,203046,67107,6602,9952,16004,12589,5777,14275,116056,13852,65662,35599
2006-08-15,204849,71486,6329,9395,18403,11443,6473,16201,123058,11856,60802,33366
2006-08-08,204673,72929,6681,9719,17314,12104,7347,17554,124168,9659,60072,31161
2006-08-01,187609,58063,8152,12390,18412,11964,7169,15301,99895,9920,57225,33959
2006-07-25,172685,44826,13073,10581,23021,11973,5033,12672,79376,12662,55561,35259
2006-07-18,179294,48561,10085,10591,22961,11973,4578,10081,86189,11564,62512,40719
2006-07-11,192637,67082,10531,9755,18281,13091,6115,13037,108341,9357,61729,31346
2006-07-03,193017,62455,11419,12520,18375,14517,5740,15241,96729,11188,59998,37239
2006-06-27,175206,49147,11270,11408,20435,14770,4606,16392,86793,8530,57221,33651
2006-06-20,156363,35719,12877,9504,21190,14822,4809,15888,74780,6617,54257,30440
2006-06-13,226641,47535,7570,9892,22352,17391,5138,34944,110033,28834,70785,44583
